action,code,title,L-T-P-C,pdf_to_upload_as,syllabus_source,note
add,AR-516,Introduction to Blockchain and Web3,3-0-0-3,pdf/senate_courses/AR-516.pdf,Master Course List/Individual_Course_PDFs/AR-516.pdf,approved: 54th BoA (May 2024)
add,AR-517,Introduction to Cyber security,3-0-0-3,pdf/senate_courses/AR-517.pdf,Master Course List/Individual_Course_PDFs/AR-517.pdf,approved: 54th BoA (May 2024)
add,AR-518,Advanced Blockchain and web3,3-0-0-3,pdf/senate_courses/AR-518.pdf,Master Course List/Individual_Course_PDFs/AR-518.pdf,approved: 56th BoA (Jul 2024)
add,AR-519,Robot Manipulators,credits: 3,pdf/senate_courses/AR-519.pdf,NOT AVAILABLE - ask the school,approved: 57th BoA (Oct 2024)
add,AR-520,Design of Mechatronics Systems,2-0-2-3,pdf/senate_courses/AR-520.pdf,Master Course List/Individual_Course_PDFs/AR-520.pdf,approved: 48th Senate (Mar 2026)
add,AR-521,Control of Robotic Systems,3-0-0-3,pdf/senate_courses/AR-521.pdf,Master Course List/Individual_Course_PDFs/AR-521.pdf,approved: 48th Senate (Mar 2026)
add,AR-522,Robot Vision,3-0-0-3,pdf/senate_courses/AR-522.pdf,Master Course List/Individual_Course_PDFs/AR-522.pdf,approved: 48th Senate (Mar 2026)
add,AR-523,Robot Manipulators,2-1-0-3,pdf/senate_courses/AR-523.pdf,Master Course List/Individual_Course_PDFs/AR-523.pdf,approved: 48th Senate (Mar 2026)
add,AR-524,Robot Simulators,2-0-2-3,pdf/senate_courses/AR-524.pdf,Master Course List/Individual_Course_PDFs/AR-524.pdf,approved: 48th Senate (Mar 2026)
add,AR-525,Reinforcement Learning for Robotics,3-0-0-3,pdf/senate_courses/AR-525.pdf,Master Course List/Individual_Course_PDFs/AR-525.pdf,approved: 48th Senate (Mar 2026)
add,AR-526,Multimodal Learning,3-0-0-3,pdf/senate_courses/AR-526.pdf,Master Course List/Individual_Course_PDFs/AR-526.pdf,approved: 48th Senate (Mar 2026)
add,AR-527,Patenting through Design Thinking,3-0-0-3,pdf/senate_courses/AR-527.pdf,Master Course List/Individual_Course_PDFs/AR-527.pdf,approved: 61st BoA (Jan 2026)
add,BE-101P,Reverse Engineering for Bioengineers,0-0-2-1,pdf/senate_courses/BE-101P.pdf,Master Course List/Individual_Course_PDFs/BE-101P.pdf,approved: 49th BoA (Mar 2023)
add,BE-201,Cell Biology,3-0-2-4,pdf/senate_courses/BE-201.pdf,Master Course List/Individual_Course_PDFs/BE-201.pdf,approved: 35th BoA (Aug 2020)
add,BE-609P,M.Tech Project 1,0-0-34-17,pdf/senate_courses/BE-609P.pdf,In master course PDF (newMaster/iit mandi courses.pdf),approved: 55th BoA (May 2024)
add,BE-610P,M.Tech Project 2,0-0-34-17,pdf/senate_courses/BE-610P.pdf,Master Course List/Individual_Course_PDFs/BE-610P.pdf,approved: 55th BoA (May 2024)
add,BE-698,Post Graduate Project I,,pdf/senate_courses/BE-698.pdf,NOT AVAILABLE - ask the school,approved: 60th BoA (Jun 2025)
add,BE-699,Post Graduate Project II,,pdf/senate_courses/BE-699.pdf,NOT AVAILABLE - ask the school,approved: 60th BoA (Jun 2025)
add,BY-525,Seminar,0-0-0-1,pdf/senate_courses/BY-525.pdf,In master course PDF (newMaster/iit mandi courses.pdf),approved: 42nd Senate (Jan 2024)
add,BY-528,Sensory Biology,3-0-0-3,pdf/senate_courses/BY-528.pdf,Master Course List/Individual_Course_PDFs/BY-528.pdf,approved: 42nd Senate (Jan 2024)
add,BY-530,Advanced Cell and Molecular Biology,3-0-0-3,pdf/senate_courses/BY-530.pdf,Master Course List/Individual_Course_PDFs/BY-530.pdf,approved: 42nd Senate (Jan 2024)
add,BY-531,Quantitative Biology and Data Analytics,3-0-0-3,pdf/senate_courses/BY-531.pdf,Master Course List/Individual_Course_PDFs/BY-531.pdf,approved: 42nd Senate (Jan 2024)
add,BY-532,Immunotechnology,3-0-0-3,pdf/senate_courses/BY-532.pdf,Master Course List/Individual_Course_PDFs/BY-532.pdf,approved: 42nd Senate (Jan 2024)
add,BY-533,Advanced Environmental Biotechnology,3-0-0-3,pdf/senate_courses/BY-533.pdf,Master Course List/Individual_Course_PDFs/BY-533.pdf,approved: 59th BoA (Apr 2025)
add,BY-533P,Advanced Cell and Molecular Biology Lab,0-0-2-1,pdf/senate_courses/BY-533P.pdf,Master Course List/Individual_Course_PDFs/BY-533P.pdf,approved: 42nd Senate (Jan 2024)
add,BY-534,Functional Neuroimaging and Data Analysis,2-1-0-3,pdf/senate_courses/BY-534.pdf,Master Course List/Individual_Course_PDFs/BY-534.pdf,approved: 59th BoA (Apr 2025)
add,BY-534P,Cellular Bioprocess Technology Lab,0-0-2-1,pdf/senate_courses/BY-534P.pdf,Master Course List/Individual_Course_PDFs/BY-534P.pdf,approved: 42nd Senate (Jan 2024)
add,BY-535P,Analytical Biotechniques Lab,0-0-2-1,pdf/senate_courses/BY-535P.pdf,Master Course List/Individual_Course_PDFs/BY-535P.pdf,approved: 42nd Senate (Jan 2024)
add,BY-536P,Immunotechnology Lab,0-0-2-1,pdf/senate_courses/BY-536P.pdf,Master Course List/Individual_Course_PDFs/BY-536P.pdf,approved: 42nd Senate (Jan 2024)
add,BY-537,Computational Biology-1,3-0-2-4,pdf/senate_courses/BY-537.pdf,Master Course List/Individual_Course_PDFs/BY-537.pdf,approved: 42nd Senate (Jan 2024)
add,BY-538,Biomedical Instrumentation and Diagnostic Technologies,3-0-0-3,pdf/senate_courses/BY-538.pdf,Master Course List/Individual_Course_PDFs/BY-538.pdf,approved: 42nd Senate (Jan 2024)
add,BY-539,Programming and applied AI/ML for life sciences,2-1-0-3,pdf/senate_courses/BY-539.pdf,Master Course List/Individual_Course_PDFs/BY-539.pdf,approved: 65th BoA (Aug 2026)
add,BY-607,Genomics Metagenomics and Next Generation Technology,credits: 3,pdf/senate_courses/BY-607.pdf,NOT AVAILABLE - ask the school,approved: 18th BoA (Sep 2017)
add,BY-698,Post Graduate Project I,,pdf/senate_courses/BY-698.pdf,NOT AVAILABLE - ask the school,approved: 60th BoA (Jun 2025)
add,BY-698P,Post Graduate Project-1,0-0-32-16,pdf/senate_courses/BY-698P.pdf,In master course PDF (newMaster/iit mandi courses.pdf),approved: 42nd Senate (Jan 2024)
add,BY-699,Post Graduate Project II,,pdf/senate_courses/BY-699.pdf,NOT AVAILABLE - ask the school,approved: 60th BoA (Jun 2025)
add,BY-699P,Post Graduate Project-2,0-0-34-17,pdf/senate_courses/BY-699P.pdf,In master course PDF (newMaster/iit mandi courses.pdf),approved: 42nd Senate (Jan 2024)
add,CE-301P,Strength of Materials and Structure Lab,0-0-2-1,pdf/senate_courses/CE-301P.pdf,NOT AVAILABLE - ask the school,approved: 37th Senate (Oct 2022)
add,CE-302P,Geotechnical Engineering Lab,0-0-2-1,pdf/senate_courses/CE-302P.pdf,NOT AVAILABLE - ask the school,approved: 37th Senate (Oct 2022)
add,CE-356,Reverse Engineering,0-0-2-1,pdf/senate_courses/CE-356.pdf,Master Course List/Individual_Course_PDFs/CE-356.pdf,approved: 54th BoA (May 2024)
add,CE-452,Open Channel Flow,2-1-0-3,pdf/senate_courses/CE-452.pdf,Master Course List/Individual_Course_PDFs/CE-452.pdf,approved: 61st BoA (Jan 2026)
add,CE-498P,Major Technical Project (MTP-I),credits: 3,pdf/senate_courses/CE-498P.pdf,Master Course List/Individual_Course_PDFs/CE-498P.pdf,approved: 58th BoA (Apr 2025)
add,CE-499P,Major Technical Project (MTP-II),credits: 5,pdf/senate_courses/CE-499P.pdf,Master Course List/Individual_Course_PDFs/CE-499P.pdf,approved: 58th BoA (Apr 2025)
add,CE-502,Groundwater Flow and Contaminant Transport Modeling,3-0-0-3,pdf/senate_courses/CE-502.pdf,Master Course List/Individual_Course_PDFs/CE-502.pdf,approved: 36th BoA (Sep 2020)
add,CE-503,Fundamentals of Project Management,,pdf/senate_courses/CE-503.pdf,Master Course List/Individual_Course_PDFs/CE-503.pdf,approved: 54th BoA (May 2024)
add,CE-506,Analysis of Indeterminate Structures,3-0-0-3,pdf/senate_courses/CE-506.pdf,Master Course List/Individual_Course_PDFs/CE-506.pdf,approved: 36th BoA (Sep 2020)
add,CE-507,Advanced Concrete Science,3-0-0-3,pdf/senate_courses/CE-507.pdf,Master Course List/Individual_Course_PDFs/CE-507.pdf,approved: 16th Senate (Apr 2018)
add,CE-509,Bridge Engineering,3-0-0-3,pdf/senate_courses/CE-509.pdf,Master Course List/Individual_Course_PDFs/CE-509.pdf,approved: 19th BoA (Nov 2017)
add,CE-510,Modelling and Simulation in Water Resources Engineering,2-0-2-3,pdf/senate_courses/CE-510.pdf,Master Course List/Individual_Course_PDFs/CE-510.pdf,approved: 20th BoA (Dec 2017)
add,CE-511,Structural Dynamics with Application to Earthquake Engineering,3-0-0-3,pdf/senate_courses/CE-511.pdf,Master Course List/Individual_Course_PDFs/CE-511.pdf,approved: 19th BoA (Nov 2017)
add,CE-520,Environmental Reaction Modeling,3-0-0-3,pdf/senate_courses/CE-520.pdf,Master Course List/Individual_Course_PDFs/CE-520.pdf,approved: 54th BoA (May 2024)
add,CE-523,Building Science,3-0-0-3,pdf/senate_courses/CE-523.pdf,Master Course List/Individual_Course_PDFs/CE-523.pdf,approved: 54th BoA (May 2024)
add,CE-524,Applied Hydroclimatology,3-0-0-3,pdf/senate_courses/CE-524.pdf,Master Course List/Individual_Course_PDFs/CE-524.pdf,approved: 56th BoA (Jul 2024)
add,CE-524P,Computational Hydroclimatology Lab,0-0-2-1,pdf/senate_courses/CE-524P.pdf,Master Course List/Individual_Course_PDFs/CE-524P.pdf,approved: 56th BoA (Jul 2024)
add,CE-525,Advanced Transportation Engineering,3-0-1-4,pdf/senate_courses/CE-525.pdf,Master Course List/Individual_Course_PDFs/CE-525.pdf,approved: 57th BoA (Oct 2024)
add,CE-526,Critical Zone Science,2-1-0-3,pdf/senate_courses/CE-526.pdf,Master Course List/Individual_Course_PDFs/CE-526.pdf,approved: 57th BoA (Oct 2024)
add,CE-527,Advanced Pavement Engineering,3-0-2-4,pdf/senate_courses/CE-527.pdf,Master Course List/Individual_Course_PDFs/CE-527.pdf,approved: 57th BoA (Oct 2024)
add,CE-528,Design of Masonry Structures,3-0-0-3,pdf/senate_courses/CE-528.pdf,Master Course List/Individual_Course_PDFs/CE-528.pdf,approved: 57th BoA (Oct 2024)
add,CE-530,Continuum Mechanics,3-0-0-3,pdf/senate_courses/CE-530.pdf,Master Course List/Individual_Course_PDFs/CE-530.pdf,approved: 59th BoA (Apr 2025)
add,CE-551,Geosynthetics Applications,3-0-0-3,pdf/senate_courses/CE-551.pdf,Master Course List/Individual_Course_PDFs/CE-551.pdf,approved: 36th BoA (Sep 2020)
add,CE-559,Biological Wastewater Treatment,3-0-0-3,pdf/senate_courses/CE-559.pdf,Master Course List/Individual_Course_PDFs/CE-559.pdf,approved: 35th BoA (Aug 2020)
add,CE-560,Soil Dynamics,3-0-0-3,pdf/senate_courses/CE-560.pdf,Master Course List/Individual_Course_PDFs/CE-560.pdf,approved: 35th BoA (Aug 2020)
add,CE-562,Numerical Methods for Engineering Computation,3-0-0-3,pdf/senate_courses/CE-562.pdf,Master Course List/Individual_Course_PDFs/CE-562.pdf,approved: 59th BoA (Apr 2025)
add,CE-563,Finite Element Methods in Engineering,3-0-2-4,pdf/senate_courses/CE-563.pdf,Master Course List/Individual_Course_PDFs/CE-563.pdf,approved: 59th BoA (Apr 2025)
add,CE-564,Fundamentals of Fracture Mechanics,2.5-0.5-0-3,pdf/senate_courses/CE-564.pdf,Master Course List/Individual_Course_PDFs/CE-564.pdf,approved: 59th BoA (Apr 2025)
add,CE-565P,Experimental Techniques in Hydrology,0-0-4-2,pdf/senate_courses/CE-565P.pdf,Master Course List/Individual_Course_PDFs/CE-565P.pdf,approved: 60th BoA (Jun 2025)
add,CE-566,Disaster-Resilient Mountain Road Engineering,2-1-0-3,pdf/senate_courses/CE-566.pdf,Master Course List/Individual_Course_PDFs/CE-566.pdf,approved: 60th BoA (Jun 2025)
add,CE-567,Highway Safety and Modeling,3-0-0-3,pdf/senate_courses/CE-567.pdf,Master Course List/Individual_Course_PDFs/CE-567.pdf,approved: 61st BoA (Jan 2026)
add,CE-568P,Experimental Structural Dynamics,0-0-4-2,pdf/senate_courses/CE-568P.pdf,Master Course List/Individual_Course_PDFs/CE-568P.pdf,approved: 61st BoA (Jan 2026)
add,CE-569P,Structural Design Studio,0-0-6-3,pdf/senate_courses/CE-569P.pdf,Master Course List/Individual_Course_PDFs/CE-569P.pdf,approved: 61st BoA (Jan 2026)
add,CE-570,Construction Network Scheduling and Cost Management,2-0-0-2,pdf/senate_courses/CE-570.pdf,Master Course List/Individual_Course_PDFs/CE-570.pdf,approved: 64th BoA (May 2026)
add,CE-586,Mini Project (Continued from Winter Term-1),3-0-0-3,pdf/senate_courses/CE-586.pdf,NOT AVAILABLE - ask the school,approved: 16th Senate (Apr 2018)
add,CE-587,Industrial/Research Internship,1-0-0-1,pdf/senate_courses/CE-587.pdf,Master Course List/Individual_Course_PDFs/CE-587.pdf,approved: 16th Senate (Apr 2018)
add,CE-588,Dissertation - Part I,0-0-24-12,pdf/senate_courses/CE-588.pdf,NOT AVAILABLE - ask the school,approved: 16th Senate (Apr 2018)
add,CE-589,Dissertation - Part II,0-0-34-17,pdf/senate_courses/CE-589.pdf,NOT AVAILABLE - ask the school,approved: 16th Senate (Apr 2018)
add,CE-600,Research Methodology for Civil Engineering,1-0-0-1,pdf/senate_courses/CE-600.pdf,Master Course List/Individual_Course_PDFs/CE-600.pdf,approved: 54th BoA (May 2024)
add,CE-601,Geo-Informatics,2-0-1-3,pdf/senate_courses/CE-601.pdf,Master Course List/Individual_Course_PDFs/CE-601.pdf,approved: 9th BoA (Oct 2015)
add,CE-617,Mechanics of Composite Materials,3-0-0-3,pdf/senate_courses/CE-617.pdf,Master Course List/Individual_Course_PDFs/CE-617.pdf,approved: 59th BoA (Apr 2025)
add,CE-690P,Post Graduate Project-I,0-0-28-14,pdf/senate_courses/CE-690P.pdf,NOT AVAILABLE - ask the school,approved: 60th BoA (Jun 2025)
add,CE-691P,Post Graduate Project-II,0-0-30-15,pdf/senate_courses/CE-691P.pdf,NOT AVAILABLE - ask the school,approved: 60th BoA (Jun 2025)
add,CED-101,Introduction to Chemical Engineering,2-1-0-3,pdf/senate_courses/CED-101.pdf,Master Course List/Individual_Course_PDFs/CED-101.pdf,approved: 65th BoA (Aug 2026)
add,CS-203,Discrete Structures,3-0-0-3,pdf/senate_courses/CS-203.pdf,Master Course List/Individual_Course_PDFs/CS-203.pdf,approved: 3rd Ad-hoc Senate (Nov 2012)
add,CS-206,Computer Networks,3-0-0-3,pdf/senate_courses/CS-206.pdf,Master Course List/Individual_Course_PDFs/CS-206.pdf,approved: 59th BoA (Apr 2025)
add,CS-207P,Applied Database Practicum,0-0-3-2,pdf/senate_courses/CS-207P.pdf,NOT AVAILABLE - ask the school,approved: 31st BoA (Sep 2019)
add,CS-211P,Network and Database Practicum,0-0-3-2,pdf/senate_courses/CS-211P.pdf,Master Course List/Individual_Course_PDFs/CS-211P.pdf,approved: 59th BoA (Apr 2025)
add,CS-212,Design and Analysis of Algorithms,3-0-2-4,pdf/senate_courses/CS-212.pdf,Master Course List/Individual_Course_PDFs/CS-212.pdf,approved: 52nd BoA (Nov 2023)
add,CS-213,Reverse Engineering,0-0-2-1,pdf/senate_courses/CS-213.pdf,NOT AVAILABLE - ask the school,approved: 52nd BoA (Nov 2023)
add,CS-214,Computer Organization,3-0-2-4,pdf/senate_courses/CS-214.pdf,NOT AVAILABLE - ask the school,approved: 52nd BoA (Nov 2023)
add,CS-241,Introduction to Cryptography,3-0-0-3,pdf/senate_courses/CS-241.pdf,Master Course List/Individual_Course_PDFs/CS-241.pdf,approved: 29th BoA (Mar 2019)
add,CS-302,Paradigms of Programming,3-0-2-4,pdf/senate_courses/CS-302.pdf,Master Course List/Individual_Course_PDFs/CS-302.pdf,approved: 14th BoA (Sep 2016)
add,CS-303,Software Engineering,3-0-0-3,pdf/senate_courses/CS-303.pdf,Master Course List/Individual_Course_PDFs/CS-303.pdf,approved: 52nd BoA (Nov 2023)
add,CS-307P,System Practicum,0-0-3-2,pdf/senate_courses/CS-307P.pdf,NOT AVAILABLE - ask the school,approved: 31st BoA (Sep 2019)
add,CS-308P,Large Application Practicum,0-0-3-2,pdf/senate_courses/CS-308P.pdf,NOT AVAILABLE - ask the school,approved: 31st BoA (Sep 2019)
add,CS-312,Operating System,3-0-0-3,pdf/senate_courses/CS-312.pdf,Master Course List/Individual_Course_PDFs/CS-312.pdf,approved: 52nd BoA (Nov 2023)
add,CS-313,Computer Networks,3-0-2-4,pdf/senate_courses/CS-313.pdf,Master Course List/Individual_Course_PDFs/CS-313.pdf,approved: 52nd BoA (Nov 2023)
add,CS-347,Software Engineering,3-0-2-4,pdf/senate_courses/CS-347.pdf,Master Course List/Individual_Course_PDFs/CS-347.pdf,approved: 56th BoA (Jul 2024)
add,CS-362,Artificial Intelligence,3-0-0-3,pdf/senate_courses/CS-362.pdf,Master Course List/Individual_Course_PDFs/CS-362.pdf,approved: 54th BoA (May 2024)
add,CS-451,Computer Graphics and Game Design,2-0-2-3,pdf/senate_courses/CS-451.pdf,Master Course List/Individual_Course_PDFs/CS-451.pdf,approved: 35th BoA (Aug 2020)
add,CS-510,Randomized Algorithms,4-0-0-4,pdf/senate_courses/CS-510.pdf,Master Course List/Individual_Course_PDFs/CS-510.pdf,approved: 57th BoA (Oct 2024)
add,CS-520,Introduction to Quantum Computing,2-0-1-3,pdf/senate_courses/CS-520.pdf,Master Course List/Individual_Course_PDFs/CS-520.pdf,approved: 57th BoA (Oct 2024)
add,CS-521,Introduction to Post Quantum Security,2-1-0-3,pdf/senate_courses/CS-521.pdf,Master Course List/Individual_Course_PDFs/CS-521.pdf,approved: 59th BoA (Apr 2025)
add,CS-524,Computational Complexity Theory,3-1-0-4,pdf/senate_courses/CS-524.pdf,Master Course List/Individual_Course_PDFs/CS-524.pdf,approved: 59th BoA (Apr 2025)
add,CS-525,Computational Foundations of Cryptography,3-0-0-3,pdf/senate_courses/CS-525.pdf,Master Course List/Individual_Course_PDFs/CS-525.pdf,approved: 61st BoA (Jan 2026)
add,CS-527,Pseudorandomness and Derandomization,3-0-0-3,pdf/senate_courses/CS-527.pdf,Master Course List/Individual_Course_PDFs/CS-527.pdf,approved: 64th BoA (May 2026)
add,CS-528,Unconditional Lower Bounds for Algorithms and Data Structures,3-0-0-3,pdf/senate_courses/CS-528.pdf,Master Course List/Individual_Course_PDFs/CS-528.pdf,approved: 64th BoA (May 2026)
add,CS-542,Design Patterns for Scalable Systems,3-0-0-3,pdf/senate_courses/CS-542.pdf,Master Course List/Individual_Course_PDFs/CS-542.pdf,approved: 45th BoA (Feb 2022)
add,CS-570,Algorithms for Curves and Surfaces,2-0-2-3,pdf/senate_courses/CS-570.pdf,Master Course List/Individual_Course_PDFs/CS-570.pdf,approved: 61st BoA (Jan 2026)
add,CS-593,Big Data and Map Reduce,3-0-0-3,pdf/senate_courses/CS-593.pdf,Master Course List/Individual_Course_PDFs/CS-593.pdf,approved: 26th BoA (Oct 2018)
add,CS-660,Data Mining for Decision Making,3-0-0-3,pdf/senate_courses/CS-660.pdf,Master Course List/Individual_Course_PDFs/CS-660.pdf,approved: 25th BoA (Jul 2018)
add,CS-661,Knowledge Representation and Reasoning,3-0-0-3,pdf/senate_courses/CS-661.pdf,Master Course List/Individual_Course_PDFs/CS-661.pdf,approved: 15th BoA (Dec 2016)
add,CS-670,Kernel Methods for Pattern Analysis,4-0-0-4,pdf/senate_courses/CS-670.pdf,Master Course List/Individual_Course_PDFs/CS-670.pdf,approved: 9th Senate (May 2016)
add,CS-673,Advanced Computer Vision,3-0-2-4,pdf/senate_courses/CS-673.pdf,Master Course List/Individual_Course_PDFs/CS-673.pdf,approved: 54th BoA (May 2024)
add,CS-683,Generative AI,3-0-1-4,pdf/senate_courses/CS-683.pdf,Master Course List/Individual_Course_PDFs/CS-683.pdf,approved: 54th BoA (May 2024)
add,CS-685,Natural Language Processing,3-0-0-3,pdf/senate_courses/CS-685.pdf,Master Course List/Individual_Course_PDFs/CS-685.pdf,approved: 54th BoA (May 2024)
add,CS-686,Large Language Models: Core Concepts to Custom Applications,3-0-2-4,pdf/senate_courses/CS-686.pdf,Master Course List/Individual_Course_PDFs/CS-686.pdf,approved: 54th BoA (May 2024)
add,CY-001,Preparatory Chemistry - 1,3-1-0-4,pdf/senate_courses/CY-001.pdf,Master Course List/Individual_Course_PDFs/CY-001.pdf,approved: 50th BoA (Jul 2023)
add,CY-002,Preparatory Chemistry - 2,3-1-0-4,pdf/senate_courses/CY-002.pdf,Master Course List/Individual_Course_PDFs/CY-002.pdf,approved: 50th BoA (Jul 2023)
add,CY-200,Foundations and Applications of Chemistry,3-0-0-3,pdf/senate_courses/CY-200.pdf,Master Course List/Individual_Course_PDFs/CY-200.pdf,approved: 59th BoA (Apr 2025)
add,CY-201P,Physical Chemistry Laboratory,0-0-4-2,pdf/senate_courses/CY-201P.pdf,Master Course List/Individual_Course_PDFs/CY-201P.pdf,approved: 59th BoA (Apr 2025)
add,CY-202P,Organic Chemistry Laboratory,0-0-4-2,pdf/senate_courses/CY-202P.pdf,Master Course List/Individual_Course_PDFs/CY-202P.pdf,approved: 59th BoA (Apr 2025)
add,CY-203P,Inorganic Chemistry Laboratory,0-0-4-2,pdf/senate_courses/CY-203P.pdf,Master Course List/Individual_Course_PDFs/CY-203P.pdf,approved: 59th BoA (Apr 2025)
add,CY-301,Principles and Theories of Physical Chemistry,3-0-0-3,pdf/senate_courses/CY-301.pdf,Master Course List/Individual_Course_PDFs/CY-301.pdf,approved: 59th BoA (Apr 2025)
add,CY-302,Principles of Organic Chemistry,3-0-0-3,pdf/senate_courses/CY-302.pdf,Master Course List/Individual_Course_PDFs/CY-302.pdf,approved: 59th BoA (Apr 2025)
add,CY-303,Fundamentals of Inorganic Chemistry,3-0-0-3,pdf/senate_courses/CY-303.pdf,Master Course List/Individual_Course_PDFs/CY-303.pdf,approved: 59th BoA (Apr 2025)
add,CY-304,Fundamental Analytical Chemistry,3-0-0-3,pdf/senate_courses/CY-304.pdf,Master Course List/Individual_Course_PDFs/CY-304.pdf,approved: 59th BoA (Apr 2025)
add,CY-401,Introduction to Quantum Chemistry & Molecular Spectroscopy,3-0-0-3,pdf/senate_courses/CY-401.pdf,Master Course List/Individual_Course_PDFs/CY-401.pdf,approved: 59th BoA (Apr 2025)
add,CY-402,Applied Materials Chemistry,3-0-0-3,pdf/senate_courses/CY-402.pdf,Master Course List/Individual_Course_PDFs/CY-402.pdf,approved: 59th BoA (Apr 2025)
add,CY-403,Numerical methods and Data Analysis in Chemistry,3-0-0-3,pdf/senate_courses/CY-403.pdf,Master Course List/Individual_Course_PDFs/CY-403.pdf,approved: 59th BoA (Apr 2025)
add,CY-404,Fundamentals of Soft Matter Science and Applications,3-0-0-3,pdf/senate_courses/CY-404.pdf,Master Course List/Individual_Course_PDFs/CY-404.pdf,approved: 54th BoA (May 2024)
add,CY-405,Introduction to Structural Chemistry,3-0-0-3,pdf/senate_courses/CY-405.pdf,Master Course List/Individual_Course_PDFs/CY-405.pdf,approved: 64th BoA (May 2026)
add,CY-501P,Research Literature Presentation 1 (Pass/Fail),0-0-2-1,pdf/senate_courses/CY-501P.pdf,Master Course List/Individual_Course_PDFs/CY-501P.pdf,approved: 59th BoA (Apr 2025)
add,CY-502P,Research Literature Presentation 2 (Pass/Fail),0-0-2-1,pdf/senate_courses/CY-502P.pdf,NOT AVAILABLE - ask the school,approved: 59th BoA (Apr 2025)
add,CY-512P,Physical Chemistry Laboratory,0-0-6-3,pdf/senate_courses/CY-512P.pdf,NOT AVAILABLE - ask the school,approved: 57th BoA (Oct 2024)
add,CY-531,Organic Reactions and Mechanisms,3-0-0-3,pdf/senate_courses/CY-531.pdf,NOT AVAILABLE - ask the school,approved: 57th BoA (Oct 2024)
add,CY-531P,Organic Chemistry Laboratory,0-0-6-3,pdf/senate_courses/CY-531P.pdf,NOT AVAILABLE - ask the school,approved: 57th BoA (Oct 2024)
add,CY-532,Photochemistry and Pericyclic Reactions,3-0-0-3,pdf/senate_courses/CY-532.pdf,NOT AVAILABLE - ask the school,approved: 57th BoA (Oct 2024)
add,CY-533,Chemistry of Main Group Elements,3-0-0-3,pdf/senate_courses/CY-533.pdf,NOT AVAILABLE - ask the school,approved: 57th BoA (Oct 2024)
add,CY-533P,Inorganic Chemistry Laboratory,0-0-6-3,pdf/senate_courses/CY-533P.pdf,NOT AVAILABLE - ask the school,approved: 57th BoA (Oct 2024)
add,CY-534,Chemistry of Transition Elements,3-0-0-3,pdf/senate_courses/CY-534.pdf,NOT AVAILABLE - ask the school,approved: 57th BoA (Oct 2024)
add,CY-535,Introduction Organometallic Chemistry,3-0-0-3,pdf/senate_courses/CY-535.pdf,NOT AVAILABLE - ask the school,approved: 57th BoA (Oct 2024)
add,CY-540,Bioinspired Materials,,pdf/senate_courses/CY-540.pdf,NOT AVAILABLE - ask the school,approved: 39th Senate (Apr 2023)
add,CY-545,Reagents in Organic Synthesis,3-0-0-3,pdf/senate_courses/CY-545.pdf,Master Course List/Individual_Course_PDFs/CY-545.pdf,approved: 60th BoA (Jun 2025)
add,CY-558,Inorganic Chemistry for Sustainability,3-0-0-3,pdf/senate_courses/CY-558.pdf,Master Course List/Individual_Course_PDFs/CY-558.pdf,approved: 57th BoA (Oct 2024)
add,CY-559,Machine Learning in Chemistry,2-0-2-3,pdf/senate_courses/CY-559.pdf,Master Course List/Individual_Course_PDFs/CY-559.pdf,approved: 61st BoA (Jan 2026)
add,CY-561,Natural Products Synthesis,3-0-0-3,pdf/senate_courses/CY-561.pdf,Master Course List/Individual_Course_PDFs/CY-561.pdf,approved: 65th BoA (Aug 2026)
add,CY-561P,Design Practicum - I,0-0-2-1,pdf/senate_courses/CY-561P.pdf,NOT AVAILABLE - ask the school,approved: 57th BoA (Oct 2024)
add,CY-562,Stereochemistry of Organic Molecules,3-0-0-3,pdf/senate_courses/CY-562.pdf,Master Course List/Individual_Course_PDFs/CY-562.pdf,approved: 65th BoA (Aug 2026)
add,CY-562P,Design Practicum - II,0-0-2-1,pdf/senate_courses/CY-562P.pdf,NOT AVAILABLE - ask the school,approved: 57th BoA (Oct 2024)
add,CY-563,Transition Metal Chemistry of N-Heterocyclic Carbenes,3-0-0-3,pdf/senate_courses/CY-563.pdf,Master Course List/Individual_Course_PDFs/CY-563.pdf,approved: 64th BoA (May 2026)
add,CY-563P,Post Graduate Project - 1,0-0-10-5,pdf/senate_courses/CY-563P.pdf,NOT AVAILABLE - ask the school,approved: 57th BoA (Oct 2024)
add,CY-564P,Post Graduate Project - 2,0-0-16-8,pdf/senate_courses/CY-564P.pdf,NOT AVAILABLE - ask the school,approved: 57th BoA (Oct 2024)
add,CY-600,Research Methodology for Chemistry,1-0-0-1,pdf/senate_courses/CY-600.pdf,Master Course List/Individual_Course_PDFs/CY-600.pdf,approved: 54th BoA (May 2024)
add,CY-647,Organic Spectroscopy,3-0-0-3,pdf/senate_courses/CY-647.pdf,Master Course List/Individual_Course_PDFs/CY-647.pdf,approved: 36th BoA (Sep 2020)
add,CY-660,Photocatalysis: Concepts and Applications,3-0-0-3,pdf/senate_courses/CY-660.pdf,Master Course List/Individual_Course_PDFs/CY-660.pdf,approved: 18th BoA (Sep 2017)
add,CY-704,Introduction to Theoretical Chemistry,3-0-0-3,pdf/senate_courses/CY-704.pdf,Master Course List/Individual_Course_PDFs/CY-704.pdf,approved: 2nd Adhoc Senate (May 2012)
add,CY-705,Modern Methods in Organic Synthesis,3-0-0-3,pdf/senate_courses/CY-705.pdf,Master Course List/Individual_Course_PDFs/CY-705.pdf,approved: 2nd Adhoc Senate (May 2012)
add,CY-746,Self Assembly of Surfactants and Polymers in Solution,3-0-0-3,pdf/senate_courses/CY-746.pdf,Master Course List/Individual_Course_PDFs/CY-746.pdf,approved: 2nd Adhoc Senate (May 2012)
add,DP-301,Inter Socio Technical Practicum (ISTP) / Free Elective,credits: 4,pdf/senate_courses/DP-301.pdf,NOT AVAILABLE - ask the school,approved: 39th Senate (Apr 2023)
add,DP-301P,Interactive Socio-Technical Practicum,0-0-8-4,pdf/senate_courses/DP-301P.pdf,Master Course List/Individual_Course_PDFs/DP-301P.pdf,approved: 11th Senate (Oct 2016)
add,DP-302P,Design Practicum-II,0-0-4-2,pdf/senate_courses/DP-302P.pdf,Master Course List/Individual_Course_PDFs/DP-302P.pdf,approved: 61st BoA (Jan 2026)
add,DP-396P,For 06 Credit online internship,credits: 6,pdf/senate_courses/DP-396P.pdf,NOT AVAILABLE - ask the school,approved: 59th BoA (Apr 2025)
add,DP-399,Semester Internship,0-0-18-9,pdf/senate_courses/DP-399.pdf,Master Course List/Individual_Course_PDFs/DP-399.pdf,approved: 31st Senate (Jun 2021)
add,DP-401,MTP-1 (or DE-4),3-0-0-3,pdf/senate_courses/DP-401.pdf,NOT AVAILABLE - ask the school,approved: 39th Senate (Apr 2023)
add,DP-403P,Research Literature Presentation I,,pdf/senate_courses/DP-403P.pdf,NOT AVAILABLE - ask the school,approved: 61st BoA (Jan 2026)
add,DP-404P,Research Literature Presentation II,,pdf/senate_courses/DP-404P.pdf,NOT AVAILABLE - ask the school,approved: 61st BoA (Jan 2026)
add,DP-512P,Industrial/Research Internship,credits: 1,pdf/senate_courses/DP-512P.pdf,Master Course List/Individual_Course_PDFs/DP-512P.pdf,approved: 30th BoA (Jun 2019)
add,DP-520P,Master of Technology Dissertation - Part I,0-0-34-17,pdf/senate_courses/DP-520P.pdf,NOT AVAILABLE - ask the school,approved: 16th Senate (Apr 2018)
add,DP-521P,Master of Technology Dissertation - Part II,0-0-34-17,pdf/senate_courses/DP-521P.pdf,NOT AVAILABLE - ask the school,approved: 16th Senate (Apr 2018)
add,DP-551P,Development Studies Practicum I,0-0-8-4,pdf/senate_courses/DP-551P.pdf,NOT AVAILABLE - ask the school,approved: 16th Senate (Apr 2018)
add,DP-552P,Development Studies Practicum 2,0-0-8-4,pdf/senate_courses/DP-552P.pdf,NOT AVAILABLE - ask the school,approved: 16th Senate (Apr 2018)
add,DP-553P,Field Study,0-0-8-4,pdf/senate_courses/DP-553P.pdf,NOT AVAILABLE - ask the school,approved: 16th Senate (Apr 2018)
add,DP-554P,Dissertation for Masters in Development Studies (under faculty supervision) or Guided Internship,0-0-33-22,pdf/senate_courses/DP-554P.pdf,NOT AVAILABLE - ask the school,approved: 16th Senate (Apr 2018)
add,DS-201,Data Handling and Visualization,2-0-2-3,pdf/senate_courses/DS-201.pdf,Master Course List/Individual_Course_PDFs/DS-201.pdf,approved: 29th BoA (Mar 2019)
add,DS-202,Introduction to Data Structures and Algorithms,2-0-2-3,pdf/senate_courses/DS-202.pdf,Master Course List/Individual_Course_PDFs/DS-202.pdf,approved: 29th BoA (Mar 2019)
add,DS-203,Mathematical Foundations of Data Science I,3-0-0-3,pdf/senate_courses/DS-203.pdf,Master Course List/Individual_Course_PDFs/DS-203.pdf,approved: 29th BoA (Mar 2019)
add,DS-301,Mathematical Foundations of Data Science,3-1-0-4,pdf/senate_courses/DS-301.pdf,Master Course List/Individual_Course_PDFs/DS-301.pdf,approved: 29th BoA (Mar 2019)
add,DS-302,Computing Systems for Data Processing,2-0-2-3,pdf/senate_courses/DS-302.pdf,Master Course List/Individual_Course_PDFs/DS-302.pdf,approved: 29th BoA (Mar 2019)
add,DS-303,Statistical Foundations of Data Science,3-0-0-3,pdf/senate_courses/DS-303.pdf,Master Course List/Individual_Course_PDFs/DS-303.pdf,approved: 29th BoA (Mar 2019)
add,DS-313,Statistical Foundations of Data Science,3-1-0-4,pdf/senate_courses/DS-313.pdf,Master Course List/Individual_Course_PDFs/DS-313.pdf,approved: 54th BoA (May 2024)
add,DS-401,Optimization for Data Science,3-0-0-3,pdf/senate_courses/DS-401.pdf,Master Course List/Individual_Course_PDFs/DS-401.pdf,approved: 29th BoA (Mar 2019)
add,DS-402,Matrix Computations for Data Science,2-0-2-3,pdf/senate_courses/DS-402.pdf,Master Course List/Individual_Course_PDFs/DS-402.pdf,approved: 29th BoA (Mar 2019)
add,DS-403,Introduction to Statistical Learning,2-0-2-3,pdf/senate_courses/DS-403.pdf,Master Course List/Individual_Course_PDFs/DS-403.pdf,approved: 29th BoA (Mar 2019)
add,DS-404,Internet Security and Privacy,3-0-0-3,pdf/senate_courses/DS-404.pdf,Master Course List/Individual_Course_PDFs/DS-404.pdf,approved: 29th BoA (Mar 2019)
add,DS-411,Optimization for Data Science,3-1-0-4,pdf/senate_courses/DS-411.pdf,Master Course List/Individual_Course_PDFs/DS-411.pdf,approved: 54th BoA (May 2024)
add,DS-412,Matrix Computations for Data Science,3-0-2-4,pdf/senate_courses/DS-412.pdf,Master Course List/Individual_Course_PDFs/DS-412.pdf,approved: 54th BoA (May 2024)
add,DS-413,Introduction to Statistical Learning,3-1-0-4,pdf/senate_courses/DS-413.pdf,Master Course List/Individual_Course_PDFs/DS-413.pdf,approved: 54th BoA (May 2024)
add,EE-201,Electromechanics,2.5-0.5-2-4,pdf/senate_courses/EE-201.pdf,Master Course List/Individual_Course_PDFs/EE-201.pdf,approved: 29th BoA (Mar 2019)
add,EE-201P,Electromechanics Lab,0-0-2-1,pdf/senate_courses/EE-201P.pdf,Master Course List/Individual_Course_PDFs/EE-201P.pdf,approved: 29th BoA (Mar 2019)
add,EE-202,Electromagnetics & Wave Propagation,3-0-0-3,pdf/senate_courses/EE-202.pdf,Master Course List/Individual_Course_PDFs/EE-202.pdf,approved: 59th BoA (Apr 2025)
add,EE-203,Network Theory,3-1-0-4,pdf/senate_courses/EE-203.pdf,Master Course List/Individual_Course_PDFs/EE-203.pdf,approved: 32nd BoA (Dec 2019)
add,EE-210,Digital System Design,3-0-0-3,pdf/senate_courses/EE-210.pdf,Master Course List/Individual_Course_PDFs/EE-210.pdf,approved: 32nd BoA (Dec 2019)
add,EE-210P,Digital System Design Practicum,0-0-2-1,pdf/senate_courses/EE-210P.pdf,Master Course List/Individual_Course_PDFs/EE-210P.pdf,approved: 32nd BoA (Dec 2019)
add,EE-231,Measurement and Instrumentation,2-0-2-3,pdf/senate_courses/EE-231.pdf,Master Course List/Individual_Course_PDFs/EE-231.pdf,approved: 56th BoA (Jul 2024)
add,EE-260,Signals & Systems,3-0-0-3,pdf/senate_courses/EE-260.pdf,NOT AVAILABLE - ask the school,approved: 59th BoA (Apr 2025)
add,EE-261,Electrical Systems Around Us,3-0-0-3,pdf/senate_courses/EE-261.pdf,NOT AVAILABLE - ask the school,approved: 59th BoA (Apr 2025)
add,EE-301,Control Systems,2.5-0.5-0-3,pdf/senate_courses/EE-301.pdf,Master Course List/Individual_Course_PDFs/EE-301.pdf,approved: 15th BoA (Dec 2016)
add,EE-301P,Control Systems Laboratory,0-0-2-1,pdf/senate_courses/EE-301P.pdf,Master Course List/Individual_Course_PDFs/EE-301P.pdf,approved: 9th BoA (Oct 2015)
add,EE-303,Power System,3-0-2-4,pdf/senate_courses/EE-303.pdf,Master Course List/Individual_Course_PDFs/EE-303.pdf,approved: 32nd BoA (Dec 2019)
add,EE-304P,Communication Theory (practicum),0-0-2-1,pdf/senate_courses/EE-304P.pdf,NOT AVAILABLE - ask the school,approved: 9th BoA (Oct 2015)
add,EE-307,Theory of Measurement,3-0-0-3,pdf/senate_courses/EE-307.pdf,Master Course List/Individual_Course_PDFs/EE-307.pdf,approved: 50th BoA (Jul 2023)
add,EE-309,Power Electronics,2.5-0.5-2-4,pdf/senate_courses/EE-309.pdf,Master Course List/Individual_Course_PDFs/EE-309.pdf,approved: 35th BoA (Aug 2020)
add,EE-313,Measurement and Instrumentation,,pdf/senate_courses/EE-313.pdf,Master Course List/Individual_Course_PDFs/EE-313.pdf,approved: 35th BoA (Aug 2020)
add,EE-314,Digital Signal Processing,3-0-2-4,pdf/senate_courses/EE-314.pdf,Master Course List/Individual_Course_PDFs/EE-314.pdf,approved: 59th BoA (Apr 2025)
add,EE-500,Network Control System,3-0-0-3,pdf/senate_courses/EE-500.pdf,Master Course List/Individual_Course_PDFs/EE-500.pdf,approved: 54th BoA (May 2024)
add,EE-501,Power System Operation and Control,credits: 3,pdf/senate_courses/EE-501.pdf,Master Course List/Individual_Course_PDFs/EE-501.pdf,approved: 2nd Adhoc Senate (May 2012)
add,EE-502,Advance Communication Theory,,pdf/senate_courses/EE-502.pdf,NOT AVAILABLE - ask the school,approved: 35th BoA (Aug 2020)
add,EE-502P,Analog System Design Laboratory,0-0-3-2,pdf/senate_courses/EE-502P.pdf,Master Course List/Individual_Course_PDFs/EE-502P.pdf,approved: 2nd Adhoc Senate (May 2012)
add,EE-503,Advanced Communication Theory,3-0-0-3,pdf/senate_courses/EE-503.pdf,Master Course List/Individual_Course_PDFs/EE-503.pdf,approved: 12th Senate (Mar 2017)
add,EE-506,Solar Photovoltaic Energy Systems,2.5-0.5-0-3,pdf/senate_courses/EE-506.pdf,Master Course List/Individual_Course_PDFs/EE-506.pdf,approved: 12th Senate (Mar 2017)
add,EE-507,Transmission Lines and Basic Microwave Engineering,3-1-0-4,pdf/senate_courses/EE-507.pdf,Master Course List/Individual_Course_PDFs/EE-507.pdf,approved: 16th BoA (Feb 2017)
add,EE-508P,Practicum on Electric Drives,0-0-3-2,pdf/senate_courses/EE-508P.pdf,Master Course List/Individual_Course_PDFs/EE-508P.pdf,approved: 17th BoA (May 2017)
add,EE-510,Mathematical Modeling for Signal Processing,3-0-2-4,pdf/senate_courses/EE-510.pdf,Master Course List/Individual_Course_PDFs/EE-510.pdf,approved: 9th BoA (Oct 2015)
add,EE-513,Special Electrical Machines,,pdf/senate_courses/EE-513.pdf,Master Course List/Individual_Course_PDFs/EE-513.pdf,approved: 12th Senate (Mar 2017)
add,EE-515,Nonlinear Stability and Control,,pdf/senate_courses/EE-515.pdf,Master Course List/Individual_Course_PDFs/EE-515.pdf,approved: 12th Senate (Mar 2017)
add,EE-517,Wireless Communications and Networking,3-0-0-3,pdf/senate_courses/EE-517.pdf,Master Course List/Individual_Course_PDFs/EE-517.pdf,approved: 12th Senate (Mar 2017)
add,EE-518,Information Theory,3-0-0-3,pdf/senate_courses/EE-518.pdf,Master Course List/Individual_Course_PDFs/EE-518.pdf,approved: 12th Senate (Mar 2017)
add,EE-522,Matrix Theory,3-0-0-3,pdf/senate_courses/EE-522.pdf,Master Course List/Individual_Course_PDFs/EE-522.pdf,approved: 17th BoA (May 2017)
add,EE-523,Digital VLSI Architecture Design,3-0-2-4,pdf/senate_courses/EE-523.pdf,Master Course List/Individual_Course_PDFs/EE-523.pdf,approved: 18th BoA (Sep 2017)
add,EE-524,Digital MOS LSI Circuits,3-0-0-3,pdf/senate_courses/EE-524.pdf,Master Course List/Individual_Course_PDFs/EE-524.pdf,approved: 18th BoA (Sep 2017)
add,EE-526,Power Semiconductor Devices,3-0-0-3,pdf/senate_courses/EE-526.pdf,Master Course List/Individual_Course_PDFs/EE-526.pdf,approved: 18th BoA (Sep 2017)
add,EE-527,Analysis and Design of Power Electronic Converters,3-0-0-3,pdf/senate_courses/EE-527.pdf,Master Course List/Individual_Course_PDFs/EE-527.pdf,approved: 17th BoA (May 2017)
add,EE-527P,Practicum on Analysis and Design of Power Electronic Converters,0-0-3-2,pdf/senate_courses/EE-527P.pdf,Master Course List/Individual_Course_PDFs/EE-527P.pdf,approved: 17th BoA (May 2017)
add,EE-529,Embedded Systems,3-0-2-4,pdf/senate_courses/EE-529.pdf,Master Course List/Individual_Course_PDFs/EE-529.pdf,approved: 18th BoA (Sep 2017)
add,EE-532P,Supervised Research Exposure,0-0-4-2,pdf/senate_courses/EE-532P.pdf,Master Course List/Individual_Course_PDFs/EE-532P.pdf,approved: 19th BoA (Nov 2017)
add,EE-533,Access Network,3-0-2-4,pdf/senate_courses/EE-533.pdf,Master Course List/Individual_Course_PDFs/EE-533.pdf,approved: 61st BoA (Jan 2026)
add,EE-538,Data-Driven Control,3-0-2-4,pdf/senate_courses/EE-538.pdf,Master Course List/Individual_Course_PDFs/EE-538.pdf,approved: 61st BoA (Jan 2026)
add,EE-550,Optimal Control and Estimation,3-0-0-3,pdf/senate_courses/EE-550.pdf,Master Course List/Individual_Course_PDFs/EE-550.pdf,approved: 59th BoA (Apr 2025)
add,EE-552,Power and Energy Systems,3-1-0-4,pdf/senate_courses/EE-552.pdf,Master Course List/Individual_Course_PDFs/EE-552.pdf,approved: 54th BoA (May 2024)
add,EE-553,Foundations of Intelligent Communication Systems-I,3-0-2-4,pdf/senate_courses/EE-553.pdf,Master Course List/Individual_Course_PDFs/EE-553.pdf,approved: 54th BoA (May 2024)
add,EE-554,Low Power VLSI Design,3-0-0-3,pdf/senate_courses/EE-554.pdf,Master Course List/Individual_Course_PDFs/EE-554.pdf,approved: 54th BoA (May 2024)
add,EE-555,Intelligent Control System,3-0-0-3,pdf/senate_courses/EE-555.pdf,Master Course List/Individual_Course_PDFs/EE-555.pdf,approved: 54th BoA (May 2024)
add,EE-556,Nuclear Reactor Control,1-0-0-1,pdf/senate_courses/EE-556.pdf,Master Course List/Individual_Course_PDFs/EE-556.pdf,approved: 54th BoA (May 2024)
add,EE-557,Adaptive Control,3-0-0-3,pdf/senate_courses/EE-557.pdf,Master Course List/Individual_Course_PDFs/EE-557.pdf,approved: 54th BoA (May 2024)
add,EE-570,Advanced Communication Theory,3-0-2-4,pdf/senate_courses/EE-570.pdf,Master Course List/Individual_Course_PDFs/EE-570.pdf,approved: 54th BoA (May 2024)
add,EE-574,Biomedical Signal and Image Analysis,3-0-0-3,pdf/senate_courses/EE-574.pdf,Master Course List/Individual_Course_PDFs/EE-574.pdf,approved: 54th BoA (May 2024)
add,EE-575,Applied statistics for data and signals,3-0-2-4,pdf/senate_courses/EE-575.pdf,Master Course List/Individual_Course_PDFs/EE-575.pdf,approved: 54th BoA (May 2024)
add,EE-581,Foundations of Intelligent Communication Systems-II,3-0-2-4,pdf/senate_courses/EE-581.pdf,Master Course List/Individual_Course_PDFs/EE-581.pdf,approved: 54th BoA (May 2024)
add,EE-595,Photonic Computing,2-0-2-3,pdf/senate_courses/EE-595.pdf,Master Course List/Individual_Course_PDFs/EE-595.pdf,approved: 65th BoA (Aug 2026)
add,EE-604,Digital Image Processing,2.5-0.5-0-3,pdf/senate_courses/EE-604.pdf,NOT AVAILABLE - ask the school,approved: 9th BoA (Oct 2015)
add,EE-607,Optical Communication System,credits: 3,pdf/senate_courses/EE-607.pdf,Master Course List/Individual_Course_PDFs/EE-607.pdf,approved: 14th BoA (Sep 2016)
add,EE-614,Optical Communication Systems,3-0-0-3,pdf/senate_courses/EE-614.pdf,Master Course List/Individual_Course_PDFs/EE-614.pdf,approved: 29th BoA (Mar 2019)
add,EE-615,Nano Electronics and Micro Fabrication,3-0-0-3,pdf/senate_courses/EE-615.pdf,Master Course List/Individual_Course_PDFs/EE-615.pdf,approved: 21st BoA (Dec 2017)
add,EE-624P,Dissertation Part-I,0-0-16-8,pdf/senate_courses/EE-624P.pdf,Master Course List/Individual_Course_PDFs/EE-624P.pdf,approved: 25th BoA (Jul 2018)
add,EE-625P,Dissertation Part-II,0-0-34-17,pdf/senate_courses/EE-625P.pdf,Master Course List/Individual_Course_PDFs/EE-625P.pdf,approved: 25th BoA (Jul 2018)
add,EE-626P,Post Graduate Project-I,0-0-20-10,pdf/senate_courses/EE-626P.pdf,Master Course List/Individual_Course_PDFs/EE-626P.pdf,approved: 27th BoA (Nov 2018)
add,EE-627P,Post Graduate Project-II,0-0-36-18,pdf/senate_courses/EE-627P.pdf,Master Course List/Individual_Course_PDFs/EE-627P.pdf,approved: 28th BoA (Jan 2019)
add,EE-630P,Independent Study,0-0-6-3,pdf/senate_courses/EE-630P.pdf,In master course PDF (newMaster/iit mandi courses.pdf),approved: 27th BoA (Nov 2018)
add,EE-650P,Post Graduate Project-I,0-0-34-17,pdf/senate_courses/EE-650P.pdf,Master Course List/Individual_Course_PDFs/EE-650P.pdf,approved: 46th BoA (May 2022)
add,EE-651P,Post Graduate Project-2,0-0-34-17,pdf/senate_courses/EE-651P.pdf,Master Course List/Individual_Course_PDFs/EE-651P.pdf,approved: 46th BoA (May 2022)
add,EE-695,Sliding Mode Control,3-0-0-3,pdf/senate_courses/EE-695.pdf,Master Course List/Individual_Course_PDFs/EE-695.pdf,approved: 61st BoA (Jan 2026)
add,EM-601,Materials for Energy Applications,3-1-0-4,pdf/senate_courses/EM-601.pdf,Master Course List/Individual_Course_PDFs/EM-601.pdf,approved: 18th BoA (Sep 2017)
add,EM-658,Deformation Behavior of Energy Materials,3-0-0-3,pdf/senate_courses/EM-658.pdf,In master course PDF (newMaster/iit mandi courses.pdf),approved: 26th BoA (Oct 2018)
add,EN-604,Energy: Environment Policy and Law,3-0-0-3,pdf/senate_courses/EN-604.pdf,Master Course List/Individual_Course_PDFs/EN-604.pdf,approved: 9th Senate (May 2016)
add,EN-695P,Post Graduate Project-I,0-0-4-2,pdf/senate_courses/EN-695P.pdf,Master Course List/Individual_Course_PDFs/EN-695P.pdf,approved: 44th BoA (Nov 2021)
add,EP-201,Reverse Engineering,0-0-2-1,pdf/senate_courses/EP-201.pdf,Master Course List/Individual_Course_PDFs/EP-201.pdf,approved: 60th BoA (Jun 2025)
add,EP-301,Engineering Mathematics-2,3-1-0-4,pdf/senate_courses/EP-301.pdf,Master Course List/Individual_Course_PDFs/EP-301.pdf,approved: 20th Senate (Apr 2019)
add,EP-321,Foundations of Electrodynamics,2.5-0.5-0-3,pdf/senate_courses/EP-321.pdf,Master Course List/Individual_Course_PDFs/EP-321.pdf,approved: 50th BoA (Jul 2023)
add,EP-402P,Engineering Physics Practicum,1-0-5-4,pdf/senate_courses/EP-402P.pdf,Master Course List/Individual_Course_PDFs/EP-402P.pdf,approved: 20th Senate (Apr 2019)
add,ET-504P,Systems Design for Electric Vehicles,0-0-3-2,pdf/senate_courses/ET-504P.pdf,Master Course List/Individual_Course_PDFs/ET-504P.pdf,approved: 50th BoA (Jul 2023)
add,GE-303,"Modern Powertrains: Electric, Hybrid, and IC/Aero Engine",2-0-1-3,pdf/senate_courses/GE-303.pdf,Master Course List/Individual_Course_PDFs/GE-303.pdf,approved: 61st BoA (Jan 2026)
add,GE-498P,Major Technical Project / Free Elective,credits: 3,pdf/senate_courses/GE-498P.pdf,Master Course List/Individual_Course_PDFs/GE-498P.pdf,approved: 59th BoA (Apr 2025)
add,GE-499P,Major Technical Project / Free Elective,credits: 5,pdf/senate_courses/GE-499P.pdf,Master Course List/Individual_Course_PDFs/GE-499P.pdf,approved: 59th BoA (Apr 2025)
add,GE-501,Creative Engineering Design,2-0-2-3,pdf/senate_courses/GE-501.pdf,Master Course List/Individual_Course_PDFs/GE-501.pdf,approved: 54th BoA (May 2024)
add,GE-502,Consciousness and Professional Ethics,2-1-0-3,pdf/senate_courses/GE-502.pdf,Master Course List/Individual_Course_PDFs/GE-502.pdf,approved: 54th BoA (May 2024)
add,GE-521,Essentials of Entrepreneurship,3-0-0-3,pdf/senate_courses/GE-521.pdf,Master Course List/Individual_Course_PDFs/GE-521.pdf,approved: 54th BoA (May 2024)
add,GE-522,Entrepreneurship and Technology Commercialization,3-0-2-4,pdf/senate_courses/GE-522.pdf,Master Course List/Individual_Course_PDFs/GE-522.pdf,approved: 54th BoA (May 2024)
add,GE-523,"Startup Framework: Finance, Valuation and Structure",3-0-0-3,pdf/senate_courses/GE-523.pdf,Master Course List/Individual_Course_PDFs/GE-523.pdf,approved: 54th BoA (May 2024)
add,HC-600,Research Methodology,1-0-0-1,pdf/senate_courses/HC-600.pdf,Master Course List/Individual_Course_PDFs/HC-600.pdf,approved: 57th BoA (Oct 2024)
add,HS-001,Preparatory English - 1,3-0-0-3,pdf/senate_courses/HS-001.pdf,Master Course List/Individual_Course_PDFs/HS-001.pdf,approved: 50th BoA (Jul 2023)
add,HS-002,Preparatory English - 2,3-0-0-3,pdf/senate_courses/HS-002.pdf,Master Course List/Individual_Course_PDFs/HS-002.pdf,approved: 50th BoA (Jul 2023)
add,HS-110,Japanese Language for Beginners,credits: 3,pdf/senate_courses/HS-110.pdf,Master Course List/Individual_Course_PDFs/HS-110.pdf,approved: 57th BoA (Oct 2024)
add,HS-111,Japanese Language for Daily Life,credits: 3,pdf/senate_courses/HS-111.pdf,Master Course List/Individual_Course_PDFs/HS-111.pdf,approved: 57th BoA (Oct 2024)
add,HS-112,Japanese Language Class I,3-0-0-3,pdf/senate_courses/HS-112.pdf,Master Course List/Individual_Course_PDFs/HS-112.pdf,approved: 62nd BoA (Jan 2026)
add,HS-210,Introduction to Poetry in English,3-0-0-3,pdf/senate_courses/HS-210.pdf,Master Course List/Individual_Course_PDFs/HS-210.pdf,approved: 59th BoA (Apr 2025)
add,HS-213,Japanese Language Class II,3-0-0-3,pdf/senate_courses/HS-213.pdf,Master Course List/Individual_Course_PDFs/HS-213.pdf,approved: 62nd BoA (Jan 2026)
add,HS-305,Science Writing,3-0-0-3,pdf/senate_courses/HS-305.pdf,NOT AVAILABLE - ask the school,approved: 14th BoA (Sep 2016)
add,HS-307,Macroeconomics I,3-0-0-3,pdf/senate_courses/HS-307.pdf,Master Course List/Individual_Course_PDFs/HS-307.pdf,approved: 54th BoA (May 2024)
add,HS-308,Introduction to Modern European Literature,2-0-0-2,pdf/senate_courses/HS-308.pdf,Master Course List/Individual_Course_PDFs/HS-308.pdf,approved: 54th BoA (May 2024)
add,HS-310,Japanese Language Class III,3-0-0-3,pdf/senate_courses/HS-310.pdf,Master Course List/Individual_Course_PDFs/HS-310.pdf,approved: 62nd BoA (Jan 2026)
add,HS-331,Role of Aesthetics in Design,1-0-4-3,pdf/senate_courses/HS-331.pdf,Master Course List/Individual_Course_PDFs/HS-331.pdf,approved: 15th BoA (Dec 2016)
add,HS-392,Modern China: A Historical Survey,credits: 3,pdf/senate_courses/HS-392.pdf,Master Course List/Individual_Course_PDFs/HS-392.pdf,approved: 18th BoA (Sep 2017)
add,HS-393,Technology through History: 1400 to the present,3-0-0-3,pdf/senate_courses/HS-393.pdf,Master Course List/Individual_Course_PDFs/HS-393.pdf,approved: 15th BoA (Dec 2016)
add,HS-405,Japanese Language Class IV,3-0-0-3,pdf/senate_courses/HS-405.pdf,Master Course List/Individual_Course_PDFs/HS-405.pdf,approved: 62nd BoA (Jan 2026)
add,HS-461,Consumer Behaviour,3-0-0-3,pdf/senate_courses/HS-461.pdf,Master Course List/Individual_Course_PDFs/HS-461.pdf,approved: 9th Senate (May 2016)
add,HS-505,Circularity in Modern European Literature,3-0-0-3,pdf/senate_courses/HS-505.pdf,Master Course List/Individual_Course_PDFs/HS-505.pdf,approved: 54th BoA (May 2024)
add,HS-506,Population Studies: Theory and Basic Analysis,3-0-0-3,pdf/senate_courses/HS-506.pdf,Master Course List/Individual_Course_PDFs/HS-506.pdf,approved: 54th BoA (May 2024)
add,HS-507,Monetary and Fiscal Policy,3-0-0-3,pdf/senate_courses/HS-507.pdf,Master Course List/Individual_Course_PDFs/HS-507.pdf,approved: 62nd BoA (Jan 2026)
add,HS-509,Weimar Republic and Nazi Germany,3-0-0-3,pdf/senate_courses/HS-509.pdf,Master Course List/Individual_Course_PDFs/HS-509.pdf,approved: 12th Senate (Mar 2017)
add,HS-511,Translation Theory,3-0-0-3,pdf/senate_courses/HS-511.pdf,Master Course List/Individual_Course_PDFs/HS-511.pdf,approved: 62nd BoA (Jan 2026)
add,HS-540,"Energy: Economics, Environment and Policy",3-0-0-3,pdf/senate_courses/HS-540.pdf,Master Course List/Individual_Course_PDFs/HS-540.pdf,approved: 18th BoA (Sep 2017)
add,HS-554,Indian Financial System,,pdf/senate_courses/HS-554.pdf,NOT AVAILABLE - ask the school,approved: 16th Senate (Apr 2018)
add,HS-555,Infrastructural Development in Highland South Asia,3-0-0-3,pdf/senate_courses/HS-555.pdf,Master Course List/Individual_Course_PDFs/HS-555.pdf,approved: 54th BoA (May 2024)
add,HS-557,"Rural Development: Structures, Institutions and Processes",3-0-0-3,pdf/senate_courses/HS-557.pdf,Master Course List/Individual_Course_PDFs/HS-557.pdf,approved: 60th BoA (Jun 2025)
add,HS-558,Science Fiction,3-0-0-3,pdf/senate_courses/HS-558.pdf,Master Course List/Individual_Course_PDFs/HS-558.pdf,approved: 60th BoA (Jun 2025)
add,HS-559,Critical Theory and the Politics of Development,3-0-0-3,pdf/senate_courses/HS-559.pdf,Master Course List/Individual_Course_PDFs/HS-559.pdf,approved: 60th BoA (Jun 2025)
add,HS-560,Time Series Econometrics,2-0-2-3,pdf/senate_courses/HS-560.pdf,Master Course List/Individual_Course_PDFs/HS-560.pdf,approved: 62nd BoA (Jan 2026)
add,HS-600,Research Methodology,1-0-0-1,pdf/senate_courses/HS-600.pdf,Master Course List/Individual_Course_PDFs/HS-600.pdf,approved: 54th BoA (May 2024)
add,HS-616,Managerial Thinking and Decision Making,3-0-0-3,pdf/senate_courses/HS-616.pdf,Master Course List/Individual_Course_PDFs/HS-616.pdf,approved: 9th Senate (May 2016)
add,HS-663,Decision Making for Social Change,,pdf/senate_courses/HS-663.pdf,NOT AVAILABLE - ask the school,approved: 16th Senate (Apr 2018)
add,IC-010,Internship,0-0-0-2,pdf/senate_courses/IC-010.pdf,NOT AVAILABLE - ask the school,approved: 30th BoA (Jun 2019)
add,IC-111,Linear Algebra,2.5-0.5-0-3,pdf/senate_courses/IC-111.pdf,Master Course List/Individual_Course_PDFs/IC-111.pdf,approved: 2nd Adhoc Senate (May 2012)
add,IC-141P,Product Realization Technology Lab,0-0-3-2,pdf/senate_courses/IC-141P.pdf,Master Course List/Individual_Course_PDFs/IC-141P.pdf,approved: 29th BoA (Mar 2019)
add,IC-152P,Data Science-1 Lab,0-0-3-2,pdf/senate_courses/IC-152P.pdf,NOT AVAILABLE - ask the school,approved: 29th BoA (Mar 2019)
add,IC-161,Applied Electronics,3-0-0-3,pdf/senate_courses/IC-161.pdf,Master Course List/Individual_Course_PDFs/IC-161.pdf,approved: 2nd Adhoc Senate (May 2012)
add,IC-161P,Applied Electronics Lab,0-0-3-2,pdf/senate_courses/IC-161P.pdf,Master Course List/Individual_Course_PDFs/IC-161P.pdf,approved: 2nd Adhoc Senate (May 2012)
add,IC-181,Introduction to Consciousness and Holistic Wellbeing,2-0-2-3,pdf/senate_courses/IC-181.pdf,Master Course List/Individual_Course_PDFs/IC-181.pdf,approved: 53rd BoA (Dec 2023)
add,IC-182,History of Science and Technology,3-0-0-3,pdf/senate_courses/IC-182.pdf,Master Course List/Individual_Course_PDFs/IC-182.pdf,approved: 59th BoA (Apr 2025)
add,IC-201P,Prototype Development,0-0-6-4,pdf/senate_courses/IC-201P.pdf,Master Course List/Individual_Course_PDFs/IC-201P.pdf,approved: 2nd Adhoc Senate (May 2012)
add,IC-203,Environmental Science,3-0-0-3,pdf/senate_courses/IC-203.pdf,NOT AVAILABLE - ask the school,approved: 59th BoA (Apr 2025)
add,IC-221P,Physics Practicum,0-0-3-2,pdf/senate_courses/IC-221P.pdf,NOT AVAILABLE - ask the school,approved: 48th BoA (Jan 2023)
add,IC-222P,Physics Practicum/Practicals,0-0-3-2,pdf/senate_courses/IC-222P.pdf,Master Course List/Individual_Course_PDFs/IC-222P.pdf,approved: 2nd Adhoc Senate (May 2012)
add,IC-242,Continuum Mechanics,2.5-0.5-0-3,pdf/senate_courses/IC-242.pdf,Master Course List/Individual_Course_PDFs/IC-242.pdf,approved: 2nd Adhoc Senate (May 2012)
add,IC-253,Programming and Data Structures,2-0-2-3,pdf/senate_courses/IC-253.pdf,Master Course List/Individual_Course_PDFs/IC-253.pdf,approved: 54th BoA (May 2024)
add,IC-272,Machine Learning,2-0-2-3,pdf/senate_courses/IC-272.pdf,Master Course List/Individual_Course_PDFs/IC-272.pdf,approved: 36th BoA (Sep 2020)
add,IC-301P,Market Research and Analysis,0-0-6-4,pdf/senate_courses/IC-301P.pdf,In master course PDF (newMaster/iit mandi courses.pdf),approved: 2nd Adhoc Senate (May 2012)
add,IC-352,Data Science-3,3-0-0-3,pdf/senate_courses/IC-352.pdf,NOT AVAILABLE - ask the school,approved: 29th BoA (Mar 2019)
add,IC-401P,B.Tech Project,0-0-6-4,pdf/senate_courses/IC-401P.pdf,Master Course List/Individual_Course_PDFs/IC-401P.pdf,approved: 2nd Adhoc Senate (May 2012)
add,IC-402P,B.Tech Project (Continued),0-0-6-4,pdf/senate_courses/IC-402P.pdf,Master Course List/Individual_Course_PDFs/IC-402P.pdf,approved: 2nd Adhoc Senate (May 2012)
add,IK-508,Music and Musopathy Intermediate,2-0-2-3,pdf/senate_courses/IK-508.pdf,Master Course List/Individual_Course_PDFs/IK-508.pdf,approved: 42nd Senate (Jan 2024)
add,IK-510,Cognitive Neuroscience,3-1-0-4,pdf/senate_courses/IK-510.pdf,Master Course List/Individual_Course_PDFs/IK-510.pdf,approved: 42nd Senate (Jan 2024)
add,IK-511,Introduction to Audio Engineering,3-0-0-3,pdf/senate_courses/IK-511.pdf,Master Course List/Individual_Course_PDFs/IK-511.pdf,approved: 42nd Senate (Jan 2024)
add,IK-512,Rhythmic Structures and Applications in Music and Musopathy,,pdf/senate_courses/IK-512.pdf,Master Course List/Individual_Course_PDFs/IK-512.pdf,approved: 42nd Senate (Jan 2024)
add,IK-513,Music and Musopathy Foundation(s),2-0-2-3,pdf/senate_courses/IK-513.pdf,Master Course List/Individual_Course_PDFs/IK-513.pdf,approved: 44th Senate (Sep 2024)
add,IK-515,Music and Cognition,3-0-2-4,pdf/senate_courses/IK-515.pdf,Master Course List/Individual_Course_PDFs/IK-515.pdf,approved: 59th BoA (Apr 2025)
add,IK-517,Philosophy of Science,3-0-0-3,pdf/senate_courses/IK-517.pdf,Master Course List/Individual_Course_PDFs/IK-517.pdf,approved: 59th BoA (Apr 2025)
add,IK-518,Ancient Indian Materials and Chemistry,3-0-0-3,pdf/senate_courses/IK-518.pdf,Master Course List/Individual_Course_PDFs/IK-518.pdf,approved: 61st BoA (Jan 2026)
add,IK-519,Introduction to Indian classical music,2-0-2-3,pdf/senate_courses/IK-519.pdf,Master Course List/Individual_Course_PDFs/IK-519.pdf,approved: 61st BoA (Jan 2026)
add,IK-520,Foundations of Indian Knowledge Systems in Music,3-1-0-4,pdf/senate_courses/IK-520.pdf,Master Course List/Individual_Course_PDFs/IK-520.pdf,approved: 64th BoA (May 2026)
add,IK-521,Connecting Indian Music with Life,2-1-2-4,pdf/senate_courses/IK-521.pdf,Master Course List/Individual_Course_PDFs/IK-521.pdf,approved: 64th BoA (May 2026)
add,IK-522,Ancient Indian Chemistry and Metallurgy,3-0-0-3,pdf/senate_courses/IK-522.pdf,Master Course List/Individual_Course_PDFs/IK-522.pdf,approved: 64th BoA (May 2026)
add,IK-523,Ancient Indian Mathematics,3-0-0-3,pdf/senate_courses/IK-523.pdf,Master Course List/Individual_Course_PDFs/IK-523.pdf,approved: 64th BoA (May 2026)
add,IK-524,Introduction to Indian Architecture,3-0-0-3,pdf/senate_courses/IK-524.pdf,Master Course List/Individual_Course_PDFs/IK-524.pdf,approved: 64th BoA (May 2026)
add,IK-525,Advanced Vedanta Philosophy,3-0-0-3,pdf/senate_courses/IK-525.pdf,Master Course List/Individual_Course_PDFs/IK-525.pdf,approved: 64th BoA (May 2026)
add,IK-526,Kalā and Nāṭyaśāstra,2.5-0-1-3,pdf/senate_courses/IK-526.pdf,Master Course List/Individual_Course_PDFs/IK-526.pdf,approved: 64th BoA (May 2026)
add,IK-527,Sanskrit Language – Level I,3-0-0-3,pdf/senate_courses/IK-527.pdf,Master Course List/Individual_Course_PDFs/IK-527.pdf,approved: 64th BoA (May 2026)
add,IK-530,"Bhagavad-Gita Part I (Chapters 1-6, Sanskrit and Philosophy)",3-0-0-3,pdf/senate_courses/IK-530.pdf,Master Course List/Individual_Course_PDFs/IK-530.pdf,approved: 42nd Senate (Jan 2024)
add,IK-534,Appreciation of Indian Classical Music,2-1-0-3,pdf/senate_courses/IK-534.pdf,Master Course List/Individual_Course_PDFs/IK-534.pdf,approved: 65th BoA (Aug 2026)
add,IK-535,Ancient Sanskrit Literature and Scriptures,3-0-0-3,pdf/senate_courses/IK-535.pdf,Master Course List/Individual_Course_PDFs/IK-535.pdf,approved: 42nd Senate (Jan 2024)
add,IK-536,Introduction to Vedanta Philosophy,3-0-0-3,pdf/senate_courses/IK-536.pdf,Master Course List/Individual_Course_PDFs/IK-536.pdf,approved: 42nd Senate (Jan 2024)
add,IK-538,Basic Sanskrit Grammar and Semantics,3-0-0-3,pdf/senate_courses/IK-538.pdf,Master Course List/Individual_Course_PDFs/IK-538.pdf,approved: 42nd Senate (Jan 2024)
add,IK-539,Sanskrit and Technology: An Overview,3-0-0-3,pdf/senate_courses/IK-539.pdf,Master Course List/Individual_Course_PDFs/IK-539.pdf,approved: 42nd Senate (Jan 2024)
add,IK-540,"Bhagavad-Gita Part II (Chapters 7-12, Sanskrit and Philosophy)",3-0-0-3,pdf/senate_courses/IK-540.pdf,Master Course List/Individual_Course_PDFs/IK-540.pdf,approved: 42nd Senate (Jan 2024)
add,IK-541,Upanishads and Vedanta Studies,3-0-0-3,pdf/senate_courses/IK-541.pdf,Master Course List/Individual_Course_PDFs/IK-541.pdf,approved: 42nd Senate (Jan 2024)
add,IK-542,Machine Learning for Sanskrit Text Analysis,3-0-0-3,pdf/senate_courses/IK-542.pdf,Master Course List/Individual_Course_PDFs/IK-542.pdf,approved: 42nd Senate (Jan 2024)
add,IK-543,Practicum in Vedic Chants,credits: 2,pdf/senate_courses/IK-543.pdf,NOT AVAILABLE - ask the school,approved: 42nd Senate (Jan 2024)
add,IK-546,Field Study: Exploring Ancient Sanskrit Sites and Temples,credits: 4,pdf/senate_courses/IK-546.pdf,NOT AVAILABLE - ask the school,approved: 42nd Senate (Jan 2024)
add,IK-547,Sanskrit Poetry and Drama,3-0-0-3,pdf/senate_courses/IK-547.pdf,Master Course List/Individual_Course_PDFs/IK-547.pdf,approved: 42nd Senate (Jan 2024)
add,IK-548,Advanced NLP Techniques for Indian Languages,3-0-0-3,pdf/senate_courses/IK-548.pdf,Master Course List/Individual_Course_PDFs/IK-548.pdf,approved: 42nd Senate (Jan 2024)
add,IK-550,Research Project/Internship on Sanskrit and Technology Applications,credits: 23,pdf/senate_courses/IK-550.pdf,NOT AVAILABLE - ask the school,approved: 42nd Senate (Jan 2024)
add,IK-551,"Bhagavad-Gita Part III (Chapters 13-18, Sanskrit and Philosophy)",3-0-0-3,pdf/senate_courses/IK-551.pdf,Master Course List/Individual_Course_PDFs/IK-551.pdf,approved: 42nd Senate (Jan 2024)
add,IK-552,Selected Topics in Ramayana,3-0-0-3,pdf/senate_courses/IK-552.pdf,Master Course List/Individual_Course_PDFs/IK-552.pdf,approved: 42nd Senate (Jan 2024)
add,IK-553,Panini Ashtadhyayi,3-0-0-3,pdf/senate_courses/IK-553.pdf,Master Course List/Individual_Course_PDFs/IK-553.pdf,approved: 42nd Senate (Jan 2024)
add,IK-554,Bhagwat Sankhya,3-0-0-3,pdf/senate_courses/IK-554.pdf,Master Course List/Individual_Course_PDFs/IK-554.pdf,approved: 42nd Senate (Jan 2024)
add,IK-555,Selected Topics in Mahabharata,3-0-0-3,pdf/senate_courses/IK-555.pdf,Master Course List/Individual_Course_PDFs/IK-555.pdf,approved: 42nd Senate (Jan 2024)
add,IK-556,Surya Siddhanta,3-0-0-3,pdf/senate_courses/IK-556.pdf,Master Course List/Individual_Course_PDFs/IK-556.pdf,approved: 42nd Senate (Jan 2024)
add,IK-557,The Study of Dharma,3-0-0-3,pdf/senate_courses/IK-557.pdf,Master Course List/Individual_Course_PDFs/IK-557.pdf,approved: 42nd Senate (Jan 2024)
add,IK-558,"Hinduism, Yoga and Ecology",3-0-0-3,pdf/senate_courses/IK-558.pdf,Master Course List/Individual_Course_PDFs/IK-558.pdf,approved: 42nd Senate (Jan 2024)
add,IK-559,"Three Short Upanishads (Kena, Ishavasya, and Mandukya Upanishads)",3-0-0-3,pdf/senate_courses/IK-559.pdf,Master Course List/Individual_Course_PDFs/IK-559.pdf,approved: 42nd Senate (Jan 2024)
add,IK-560,"Vaishnavism: History, Teachings and Practice",3-0-0-3,pdf/senate_courses/IK-560.pdf,Master Course List/Individual_Course_PDFs/IK-560.pdf,approved: 42nd Senate (Jan 2024)
add,IK-562,Research Methodology - Tantra Yukti and Pramana Shastra,3-0-0-3,pdf/senate_courses/IK-562.pdf,Master Course List/Individual_Course_PDFs/IK-562.pdf,approved: 42nd Senate (Jan 2024)
add,IK-563,Indian Astronomy,,pdf/senate_courses/IK-563.pdf,NOT AVAILABLE - ask the school,approved: 42nd Senate (Jan 2024)
add,IK-566,Introduction to Vedic Traditions,3-0-0-3,pdf/senate_courses/IK-566.pdf,Master Course List/Individual_Course_PDFs/IK-566.pdf,approved: 42nd Senate (Jan 2024)
add,IK-567,Saundarya Shastra,3-0-0-3,pdf/senate_courses/IK-567.pdf,Master Course List/Individual_Course_PDFs/IK-567.pdf,approved: 42nd Senate (Jan 2024)
add,IK-568,Indian Performing Arts,3-0-0-3,pdf/senate_courses/IK-568.pdf,Master Course List/Individual_Course_PDFs/IK-568.pdf,approved: 42nd Senate (Jan 2024)
add,IK-569,Mahabharat (Dharma Dasha Lakshanam),3-0-0-3,pdf/senate_courses/IK-569.pdf,Master Course List/Individual_Course_PDFs/IK-569.pdf,approved: 42nd Senate (Jan 2024)
add,IK-570,NLP for Sanskrit: Introduction and Basics,3-0-0-3,pdf/senate_courses/IK-570.pdf,Master Course List/Individual_Course_PDFs/IK-570.pdf,approved: 42nd Senate (Jan 2024)
add,IK-572,Vedangas,3-0-0-3,pdf/senate_courses/IK-572.pdf,Master Course List/Individual_Course_PDFs/IK-572.pdf,approved: 42nd Senate (Jan 2024)
add,IK-573,Tapestry of Indian Knowledge Systems,3-0-0-3,pdf/senate_courses/IK-573.pdf,Master Course List/Individual_Course_PDFs/IK-573.pdf,approved: 42nd Senate (Jan 2024)
add,IK-592,Selected Topics in Music and Musopathy,1-0-2-2,pdf/senate_courses/IK-592.pdf,Master Course List/Individual_Course_PDFs/IK-592.pdf,approved: 42nd Senate (Jan 2024)
add,IK-609,Music and Musopathy Advanced,1-0-3-3,pdf/senate_courses/IK-609.pdf,Master Course List/Individual_Course_PDFs/IK-609.pdf,approved: 42nd Senate (Jan 2024)
add,IKS-181,Ikshma Course,3-0-0-3,pdf/senate_courses/IKS-181.pdf,NOT AVAILABLE - ask the school,approved: 39th Senate (Apr 2023)
add,IMA-201,Modelling and Simulation,2-0-3-3,pdf/senate_courses/IMA-201.pdf,Master Course List/Individual_Course_PDFs/IMA-201.pdf,approved: 1st Senate (Jul 2010)
add,MA-001,Preparatory Mathematics - 1,3-1-0-4,pdf/senate_courses/MA-001.pdf,Master Course List/Individual_Course_PDFs/MA-001.pdf,approved: 50th BoA (Jul 2023)
add,MA-002,Preparatory Mathematics - 2,3-1-0-4,pdf/senate_courses/MA-002.pdf,Master Course List/Individual_Course_PDFs/MA-002.pdf,approved: 50th BoA (Jul 2023)
add,MA-120,Introduction to Computing Systems and Databases,3-0-2-4,pdf/senate_courses/MA-120.pdf,Master Course List/Individual_Course_PDFs/MA-120.pdf,approved: 59th BoA (Apr 2025)
add,MA-210,Real and Complex Analysis,2.5-0.5-0-3,pdf/senate_courses/MA-210.pdf,Master Course List/Individual_Course_PDFs/MA-210.pdf,approved: 54th BoA (May 2024)
add,MA-211,Ordinary Differential Equations,3-1-0-4,pdf/senate_courses/MA-211.pdf,Master Course List/Individual_Course_PDFs/MA-211.pdf,approved: 54th BoA (May 2024)
add,MA-220,Partial Differential Equations,3-1-0-4,pdf/senate_courses/MA-220.pdf,Master Course List/Individual_Course_PDFs/MA-220.pdf,approved: 59th BoA (Apr 2025)
add,MA-221,Numerical Analysis,2-0-3-4,pdf/senate_courses/MA-221.pdf,Master Course List/Individual_Course_PDFs/MA-221.pdf,approved: 59th BoA (Apr 2025)
add,MA-222,Applied Linear Programming,3-1-0-4,pdf/senate_courses/MA-222.pdf,Master Course List/Individual_Course_PDFs/MA-222.pdf,approved: 59th BoA (Apr 2025)
add,MA-251,Abstract Algebra,3-0-0-3,pdf/senate_courses/MA-251.pdf,Master Course List/Individual_Course_PDFs/MA-251.pdf,approved: 59th BoA (Apr 2025)
add,MA-252,Functional analysis,credits: 3,pdf/senate_courses/MA-252.pdf,NOT AVAILABLE - ask the school,approved: 59th BoA (Apr 2025)
add,MA-253,Measure Theory,credits: 3,pdf/senate_courses/MA-253.pdf,NOT AVAILABLE - ask the school,approved: 59th BoA (Apr 2025)
add,MA-254,Topology,credits: 3,pdf/senate_courses/MA-254.pdf,NOT AVAILABLE - ask the school,approved: 59th BoA (Apr 2025)
add,MA-255,Number Theory,3-0-0-3,pdf/senate_courses/MA-255.pdf,Master Course List/Individual_Course_PDFs/MA-255.pdf,approved: 59th BoA (Apr 2025)
add,MA-310,Matrix Computations & Lab,3-0-2-4,pdf/senate_courses/MA-310.pdf,Master Course List/Individual_Course_PDFs/MA-310.pdf,approved: 59th BoA (Apr 2025)
add,MA-311,Mathematical Modelling,3-0-0-3,pdf/senate_courses/MA-311.pdf,Master Course List/Individual_Course_PDFs/MA-311.pdf,approved: 59th BoA (Apr 2025)
add,MA-312,Design and Analysis of Algorithms,3-0-2-4,pdf/senate_courses/MA-312.pdf,Master Course List/Individual_Course_PDFs/MA-312.pdf,approved: 59th BoA (Apr 2025)
add,MA-313,Formal Languages and Automata Theory,3-0-0-3,pdf/senate_courses/MA-313.pdf,Master Course List/Individual_Course_PDFs/MA-313.pdf,approved: 59th BoA (Apr 2025)
add,MA-321,Numerics of Differential Equations,3-0-2-4,pdf/senate_courses/MA-321.pdf,Master Course List/Individual_Course_PDFs/MA-321.pdf,approved: 59th BoA (Apr 2025)
add,MA-322,Applied Graph Theory,3-0-2-4,pdf/senate_courses/MA-322.pdf,Master Course List/Individual_Course_PDFs/MA-322.pdf,approved: 59th BoA (Apr 2025)
add,MA-323,Applied Databases Practicum,0-0-3-2,pdf/senate_courses/MA-323.pdf,Master Course List/Individual_Course_PDFs/MA-323.pdf,approved: 59th BoA (Apr 2025)
add,MA-351,Climate Modelling,credits: 3,pdf/senate_courses/MA-351.pdf,NOT AVAILABLE - ask the school,approved: 59th BoA (Apr 2025)
add,MA-352,Computational Financial Modelling & Lab,credits: 3,pdf/senate_courses/MA-352.pdf,NOT AVAILABLE - ask the school,approved: 59th BoA (Apr 2025)
add,MA-353,Modelling of infectious disease,credits: 3,pdf/senate_courses/MA-353.pdf,NOT AVAILABLE - ask the school,approved: 59th BoA (Apr 2025)
add,MA-354,Mathematical Image Processing,credits: 3,pdf/senate_courses/MA-354.pdf,NOT AVAILABLE - ask the school,approved: 59th BoA (Apr 2025)
add,MA-355,Mathematical Control Theory,credits: 3,pdf/senate_courses/MA-355.pdf,NOT AVAILABLE - ask the school,approved: 59th BoA (Apr 2025)
add,MA-356,Modelling and Simulation,credits: 3,pdf/senate_courses/MA-356.pdf,NOT AVAILABLE - ask the school,approved: 59th BoA (Apr 2025)
add,MA-357,Modelling Population Dynamics,credits: 3,pdf/senate_courses/MA-357.pdf,NOT AVAILABLE - ask the school,approved: 59th BoA (Apr 2025)
add,MA-531,Introduction to Cryptography,2-1-2-4,pdf/senate_courses/MA-531.pdf,Master Course List/Individual_Course_PDFs/MA-531.pdf,approved: 65th BoA (Aug 2026)
add,MA-545,Technical Analysis of Financial Markets,2-0-3-4,pdf/senate_courses/MA-545.pdf,Master Course List/Individual_Course_PDFs/MA-545.pdf,approved: 65th BoA (Aug 2026)
add,MA-546,Introduction to Quantitative Finance,3-1-0-4,pdf/senate_courses/MA-546.pdf,Master Course List/Individual_Course_PDFs/MA-546.pdf,approved: 60th BoA (Jun 2025)
add,MA-547,Financial Engineering,3-1-0-4,pdf/senate_courses/MA-547.pdf,Master Course List/Individual_Course_PDFs/MA-547.pdf,approved: 65th BoA (Aug 2026)
add,MA-548,Abstract Algebra,3-1-0-4,pdf/senate_courses/MA-548.pdf,Master Course List/Individual_Course_PDFs/MA-548.pdf,approved: 59th BoA (Apr 2025)
add,MA-550,Statistical Data Analysis,2-1-0-3,pdf/senate_courses/MA-550.pdf,Master Course List/Individual_Course_PDFs/MA-550.pdf,approved: 2nd Adhoc Senate (May 2012)
add,MA-561,Fluidics and Microfluidics,3-0-2-4,pdf/senate_courses/MA-561.pdf,Master Course List/Individual_Course_PDFs/MA-561.pdf,approved: 61st BoA (Jan 2026)
add,MA-562,An Introduction to Bayesian Analysis,3-0-2-4,pdf/senate_courses/MA-562.pdf,Master Course List/Individual_Course_PDFs/MA-562.pdf,approved: 61st BoA (Jan 2026)
add,MA-563,Statistical Computation and Simulation,3-0-2-4,pdf/senate_courses/MA-563.pdf,Master Course List/Individual_Course_PDFs/MA-563.pdf,approved: 61st BoA (Jan 2026)
add,MA-570,Data-driven Dynamical Systems,2.5-0-0.5-3,pdf/senate_courses/MA-570.pdf,Master Course List/Individual_Course_PDFs/MA-570.pdf,approved: 54th BoA (May 2024)
add,MA-571,Introduction to Approximation Algorithms,3-1-0-4,pdf/senate_courses/MA-571.pdf,Master Course List/Individual_Course_PDFs/MA-571.pdf,approved: 59th BoA (Apr 2025)
add,MA-572,Applied Multivariate Statistical Analysis,3-0-2-4,pdf/senate_courses/MA-572.pdf,Master Course List/Individual_Course_PDFs/MA-572.pdf,approved: 59th BoA (Apr 2025)
add,MA-573,Advanced Mathematical Foundations of Machine Learning,3-1-0-4,pdf/senate_courses/MA-573.pdf,Master Course List/Individual_Course_PDFs/MA-573.pdf,approved: 59th BoA (Apr 2025)
add,MA-574,An Introduction to Probabilistic Machine Learning,3-0-2-4,pdf/senate_courses/MA-574.pdf,Master Course List/Individual_Course_PDFs/MA-574.pdf,approved: 59th BoA (Apr 2025)
add,MA-575,Complex Analysis,3-1-0-4,pdf/senate_courses/MA-575.pdf,Master Course List/Individual_Course_PDFs/MA-575.pdf,approved: 57th BoA (Oct 2024)
add,MA-576,Non-Linear Optimization,3-1-0-4,pdf/senate_courses/MA-576.pdf,Master Course List/Individual_Course_PDFs/MA-576.pdf,approved: 59th BoA (Apr 2025)
add,MA-588,Mathematical Control Theory,3-1-0-4,pdf/senate_courses/MA-588.pdf,Master Course List/Individual_Course_PDFs/MA-588.pdf,approved: 56th BoA (Jul 2024)
add,MA-600,Research Methodology,1-0-0-1,pdf/senate_courses/MA-600.pdf,Master Course List/Individual_Course_PDFs/MA-600.pdf,approved: 57th BoA (Oct 2024)
add,MA-606,Mathematical Models for Infectious Diseases,3-0-0-3,pdf/senate_courses/MA-606.pdf,Master Course List/Individual_Course_PDFs/MA-606.pdf,approved: 26th BoA (Oct 2018)
add,MA-652,Stability Theory of Differential Equations,credits: 3,pdf/senate_courses/MA-652.pdf,Master Course List/Individual_Course_PDFs/MA-652.pdf,approved: 9th BoA (Oct 2015)
add,MA-705,Modelling Population Dynamics,3-0-0-3,pdf/senate_courses/MA-705.pdf,Master Course List/Individual_Course_PDFs/MA-705.pdf,approved: 9th Senate (May 2016)
add,MB-201,Foundations of Business Management,3-0-1-4,pdf/senate_courses/MB-201.pdf,Master Course List/Individual_Course_PDFs/MB-201.pdf,approved: 54th BoA (May 2024)
add,MB-202,Microeconomics,3-0-0-3,pdf/senate_courses/MB-202.pdf,Master Course List/Individual_Course_PDFs/MB-202.pdf,approved: 54th BoA (May 2024)
add,MB-203,Macroeconomics,3-0-0-3,pdf/senate_courses/MB-203.pdf,Master Course List/Individual_Course_PDFs/MB-203.pdf,approved: 59th BoA (Apr 2025)
add,MB-205,Written and Verbal Communication,3-0-0-3,pdf/senate_courses/MB-205.pdf,Master Course List/Individual_Course_PDFs/MB-205.pdf,approved: 59th BoA (Apr 2025)
add,MB-206,Excel for Data Analysis,3-0-0-3,pdf/senate_courses/MB-206.pdf,Master Course List/Individual_Course_PDFs/MB-206.pdf,approved: 59th BoA (Apr 2025)
add,MB-291,Management Workshop I,credits: 1,pdf/senate_courses/MB-291.pdf,NOT AVAILABLE - ask the school,approved: 59th BoA (Apr 2025)
add,MB-292,Management Workshop II,credits: 1,pdf/senate_courses/MB-292.pdf,NOT AVAILABLE - ask the school,approved: 59th BoA (Apr 2025)
add,MB-301,Problem Solving and Decision Making for Managers,3-0-0-3,pdf/senate_courses/MB-301.pdf,Master Course List/Individual_Course_PDFs/MB-301.pdf,approved: 59th BoA (Apr 2025)
add,MB-302,Business Law,3-0-0-3,pdf/senate_courses/MB-302.pdf,Master Course List/Individual_Course_PDFs/MB-302.pdf,approved: 59th BoA (Apr 2025)
add,MB-303,Financial Accounting,3-0-0-3,pdf/senate_courses/MB-303.pdf,Master Course List/Individual_Course_PDFs/MB-303.pdf,approved: 59th BoA (Apr 2025)
add,MB-304,Ethics and Values,3-0-0-3,pdf/senate_courses/MB-304.pdf,Master Course List/Individual_Course_PDFs/MB-304.pdf,approved: 59th BoA (Apr 2025)
add,MB-305,Business Communication,3-0-0-3,pdf/senate_courses/MB-305.pdf,Master Course List/Individual_Course_PDFs/MB-305.pdf,approved: 59th BoA (Apr 2025)
add,MB-306,Introduction to Organisational Structure,3-0-0-3,pdf/senate_courses/MB-306.pdf,Master Course List/Individual_Course_PDFs/MB-306.pdf,approved: 59th BoA (Apr 2025)
add,MB-307,Cost and Management Accounting,3-0-0-3,pdf/senate_courses/MB-307.pdf,Master Course List/Individual_Course_PDFs/MB-307.pdf,approved: 59th BoA (Apr 2025)
add,MB-308,Introduction to Marketing,3-0-0-3,pdf/senate_courses/MB-308.pdf,Master Course List/Individual_Course_PDFs/MB-308.pdf,approved: 59th BoA (Apr 2025)
add,MB-309,Introduction to Operations Management,credits: 3,pdf/senate_courses/MB-309.pdf,NOT AVAILABLE - ask the school,approved: 59th BoA (Apr 2025)
add,MB-310,Introduction to Financial Management,credits: 3,pdf/senate_courses/MB-310.pdf,NOT AVAILABLE - ask the school,approved: 59th BoA (Apr 2025)
add,MB-311,Management Fundamentals for Engineers,3-0-0-3,pdf/senate_courses/MB-311.pdf,Master Course List/Individual_Course_PDFs/MB-311.pdf,approved: 64th BoA (May 2026)
add,MB-312,Economic Decision-Making for Engineers,3-0-0-3,pdf/senate_courses/MB-312.pdf,NOT AVAILABLE - ask the school,approved: 64th BoA (May 2026)
add,MB-391,Management Workshop III,credits: 1,pdf/senate_courses/MB-391.pdf,NOT AVAILABLE - ask the school,approved: 59th BoA (Apr 2025)
add,MB-392,Management workshop IV,credits: 1,pdf/senate_courses/MB-392.pdf,NOT AVAILABLE - ask the school,approved: 59th BoA (Apr 2025)
add,MB-393,Management Workshop V (Preferably one of the Indian Art Forms),credits: 1,pdf/senate_courses/MB-393.pdf,NOT AVAILABLE - ask the school,approved: 59th BoA (Apr 2025)
add,MB-401,Mathematics for Business Management,3-0-0-3,pdf/senate_courses/MB-401.pdf,Master Course List/Individual_Course_PDFs/MB-401.pdf,approved: 59th BoA (Apr 2025)
add,MB-402,Operations Research,3-0-0-3,pdf/senate_courses/MB-402.pdf,Master Course List/Individual_Course_PDFs/MB-402.pdf,approved: 59th BoA (Apr 2025)
add,MB-403,French,3-0-0-3,pdf/senate_courses/MB-403.pdf,Master Course List/Individual_Course_PDFs/MB-403.pdf,approved: 59th BoA (Apr 2025)
add,MB-404,Business Research Methods,3-0-0-3,pdf/senate_courses/MB-404.pdf,Master Course List/Individual_Course_PDFs/MB-404.pdf,approved: 59th BoA (Apr 2025)
add,MB-405,Database for Managers,3-0-0-3,pdf/senate_courses/MB-405.pdf,Master Course List/Individual_Course_PDFs/MB-405.pdf,approved: 59th BoA (Apr 2025)
add,MB-406,Public Speaking and debating,credits: 2,pdf/senate_courses/MB-406.pdf,NOT AVAILABLE - ask the school,approved: 59th BoA (Apr 2025)
add,MB-407,Econometrics,credits: 3,pdf/senate_courses/MB-407.pdf,NOT AVAILABLE - ask the school,approved: 59th BoA (Apr 2025)
add,MB-408,Indian Economy,credits: 3,pdf/senate_courses/MB-408.pdf,NOT AVAILABLE - ask the school,approved: 59th BoA (Apr 2025)
add,MB-409,Sales and Distribution Management,3-0-0-3,pdf/senate_courses/MB-409.pdf,Master Course List/Individual_Course_PDFs/MB-409.pdf,approved: 64th BoA (May 2026)
add,MB-410,Marketing for Engineers,credits: 3,pdf/senate_courses/MB-410.pdf,NOT AVAILABLE - ask the school,approved: 64th BoA (May 2026)
add,MB-411,Human Resource Management and Organizational Behaviour for Engineers,credits: 3,pdf/senate_courses/MB-411.pdf,NOT AVAILABLE - ask the school,approved: 64th BoA (May 2026)
add,MB-412,Consumer Behaviour in Technology Markets,credits: 3,pdf/senate_courses/MB-412.pdf,NOT AVAILABLE - ask the school,approved: 64th BoA (May 2026)
add,MB-413,Technology Entrepreneurship and Venture Creation,credits: 3,pdf/senate_courses/MB-413.pdf,NOT AVAILABLE - ask the school,approved: 64th BoA (May 2026)
add,MB-414,Accounting Practices for Technology Businesses,credits: 3,pdf/senate_courses/MB-414.pdf,NOT AVAILABLE - ask the school,approved: 64th BoA (May 2026)
add,MB-415,Financial Management for Technology Businesses,credits: 3,pdf/senate_courses/MB-415.pdf,NOT AVAILABLE - ask the school,approved: 64th BoA (May 2026)
add,MB-416,Industrial Operations and Supply Chain Systems,credits: 3,pdf/senate_courses/MB-416.pdf,NOT AVAILABLE - ask the school,approved: 64th BoA (May 2026)
add,MB-509,Introduction to Bhagavad Gita,2-0-0-2,pdf/senate_courses/MB-509.pdf,Master Course List/Individual_Course_PDFs/MB-509.pdf,approved: 55th BoA (May 2024)
add,MB-529,Summer Internship,credits: 2,pdf/senate_courses/MB-529.pdf,NOT AVAILABLE - ask the school,approved: 59th BoA (Apr 2025)
add,MB-534,Management Project I,credits: 4,pdf/senate_courses/MB-534.pdf,NOT AVAILABLE - ask the school,approved: 59th BoA (Apr 2025)
add,MB-535,Marketing Management II,2-0-0-2,pdf/senate_courses/MB-535.pdf,Master Course List/Individual_Course_PDFs/MB-535.pdf,approved: 59th BoA (Apr 2025)
add,MB-536,Project Management,2-0-0-2,pdf/senate_courses/MB-536.pdf,Master Course List/Individual_Course_PDFs/MB-536.pdf,approved: 59th BoA (Apr 2025)
add,MB-537,Business and Data Leadership,2-0-0-2,pdf/senate_courses/MB-537.pdf,Master Course List/Individual_Course_PDFs/MB-537.pdf,approved: 59th BoA (Apr 2025)
add,MB-538,Management Insights from Indian Knowledge Systems,2-0-0-2,pdf/senate_courses/MB-538.pdf,Master Course List/Individual_Course_PDFs/MB-538.pdf,approved: 59th BoA (Apr 2025)
add,MB-540,Management Project II,credits: 4,pdf/senate_courses/MB-540.pdf,NOT AVAILABLE - ask the school,approved: 59th BoA (Apr 2025)
add,MB-550,AI in Marketing,2-0-0-2,pdf/senate_courses/MB-550.pdf,Master Course List/Individual_Course_PDFs/MB-550.pdf,approved: 54th BoA (May 2024)
add,MB-551,Causal Analytics,2-0-0-2,pdf/senate_courses/MB-551.pdf,Master Course List/Individual_Course_PDFs/MB-551.pdf,approved: 54th BoA (May 2024)
add,MB-552,Financial Analytics,2-0-0-2,pdf/senate_courses/MB-552.pdf,Master Course List/Individual_Course_PDFs/MB-552.pdf,approved: 54th BoA (May 2024)
add,MB-553,Fintech,2-0-0-2,pdf/senate_courses/MB-553.pdf,Master Course List/Individual_Course_PDFs/MB-553.pdf,approved: 54th BoA (May 2024)
add,MB-554,Blockchain for Business,2-0-0-2,pdf/senate_courses/MB-554.pdf,Master Course List/Individual_Course_PDFs/MB-554.pdf,approved: 55th BoA (May 2024)
add,MB-555,Deep Learning for Business Application,2-0-0-2,pdf/senate_courses/MB-555.pdf,Master Course List/Individual_Course_PDFs/MB-555.pdf,approved: 54th BoA (May 2024)
add,MB-556,Natural Language Processing for Business,2-0-0-2,pdf/senate_courses/MB-556.pdf,Master Course List/Individual_Course_PDFs/MB-556.pdf,approved: 54th BoA (May 2024)
add,MB-557,Devops In ML and AI,credits: 2,pdf/senate_courses/MB-557.pdf,NOT AVAILABLE - ask the school,approved: 59th BoA (Apr 2025)
add,MB-558,Intelligent Automation,credits: 2,pdf/senate_courses/MB-558.pdf,NOT AVAILABLE - ask the school,approved: 59th BoA (Apr 2025)
add,MB-559,Fuzzy logic for business decision making,2-0-0-2,pdf/senate_courses/MB-559.pdf,Master Course List/Individual_Course_PDFs/MB-559.pdf,approved: 54th BoA (May 2024)
add,MB-560,Evolutionary computation for business solutions,2-0-0-2,pdf/senate_courses/MB-560.pdf,Master Course List/Individual_Course_PDFs/MB-560.pdf,approved: 54th BoA (May 2024)
add,MB-561,DevOps,credits: 2,pdf/senate_courses/MB-561.pdf,NOT AVAILABLE - ask the school,approved: 59th BoA (Apr 2025)
add,MB-571,Design Thinking,credits: 2,pdf/senate_courses/MB-571.pdf,NOT AVAILABLE - ask the school,approved: 59th BoA (Apr 2025)
add,MB-572,Social Analytics,2-0-0-2,pdf/senate_courses/MB-572.pdf,Master Course List/Individual_Course_PDFs/MB-572.pdf,approved: 54th BoA (May 2024)
add,MB-573,Cloud Computing For Business,2-0-0-2,pdf/senate_courses/MB-573.pdf,Master Course List/Individual_Course_PDFs/MB-573.pdf,approved: 54th BoA (May 2024)
add,MB-574,"Cyber Securities, Ethics and Privacy",2-0-0-2,pdf/senate_courses/MB-574.pdf,Master Course List/Individual_Course_PDFs/MB-574.pdf,approved: 54th BoA (May 2024)
add,MB-575,Negotiation Analysis,credits: 2,pdf/senate_courses/MB-575.pdf,NOT AVAILABLE - ask the school,approved: 59th BoA (Apr 2025)
add,MB-576,Data Strategy,credits: 2,pdf/senate_courses/MB-576.pdf,NOT AVAILABLE - ask the school,approved: 59th BoA (Apr 2025)
add,MB-577,AI Strategy and Implementation,credits: 2,pdf/senate_courses/MB-577.pdf,NOT AVAILABLE - ask the school,approved: 59th BoA (Apr 2025)
add,MB-578,Leadership,credits: 2,pdf/senate_courses/MB-578.pdf,NOT AVAILABLE - ask the school,approved: 59th BoA (Apr 2025)
add,MB-582,Consumer Behavior,2-0-0-2,pdf/senate_courses/MB-582.pdf,Master Course List/Individual_Course_PDFs/MB-582.pdf,approved: 54th BoA (May 2024)
add,MB-583,Digital marketing,2-0-0-2,pdf/senate_courses/MB-583.pdf,Master Course List/Individual_Course_PDFs/MB-583.pdf,approved: 54th BoA (May 2024)
add,MB-584,Supply Chain Management,2-0-0-2,pdf/senate_courses/MB-584.pdf,Master Course List/Individual_Course_PDFs/MB-584.pdf,approved: 54th BoA (May 2024)
add,MB-585,Supply Chain Analytics,2-0-0-2,pdf/senate_courses/MB-585.pdf,Master Course List/Individual_Course_PDFs/MB-585.pdf,approved: 59th BoA (Apr 2025)
add,MB-586,Advertising and Brand Management,2-0-0-2,pdf/senate_courses/MB-586.pdf,Master Course List/Individual_Course_PDFs/MB-586.pdf,approved: 59th BoA (Apr 2025)
add,MB-587,GenAI for Managers,2-0-0-2,pdf/senate_courses/MB-587.pdf,Master Course List/Individual_Course_PDFs/MB-587.pdf,approved: 62nd BoA (Jan 2026)
add,MB-600,Research Methodology,1-0-0-1,pdf/senate_courses/MB-600.pdf,Master Course List/Individual_Course_PDFs/MB-600.pdf,approved: 60th BoA (Jun 2025)
add,ME-206P,Mechanics of Solid Lab,0-0-2-1,pdf/senate_courses/ME-206P.pdf,Master Course List/Individual_Course_PDFs/ME-206P.pdf,approved: 61st BoA (Jan 2026)
add,ME-303P,Heat Transfer Lab,0-0-3-1,pdf/senate_courses/ME-303P.pdf,Master Course List/Individual_Course_PDFs/ME-303P.pdf,approved: 54th BoA (May 2024)
add,ME-316,Automotive Engine Design,3-0-0-3,pdf/senate_courses/ME-316.pdf,Master Course List/Individual_Course_PDFs/ME-316.pdf,approved: 57th BoA (Oct 2024)
add,ME-502,Nanomanufacturing,credits: 3,pdf/senate_courses/ME-502.pdf,In master course PDF (newMaster/iit mandi courses.pdf),approved: 18th BoA (Sep 2017)
add,ME-503,Heat Transfer,credits: 3,pdf/senate_courses/ME-503.pdf,In master course PDF (newMaster/iit mandi courses.pdf),approved: 50th BoA (Jul 2023)
add,ME-510,Advanced Manufacturing Processes,3-0-0-3,pdf/senate_courses/ME-510.pdf,Master Course List/Individual_Course_PDFs/ME-510.pdf,approved: 17th BoA (May 2017)
add,ME-515,Carbon Materials and Technology,3-0-0-3,pdf/senate_courses/ME-515.pdf,Master Course List/Individual_Course_PDFs/ME-515.pdf,approved: 35th BoA (Aug 2020)
add,ME-526,Programming Paradigm for Open-source Codes,2-0-2-3,pdf/senate_courses/ME-526.pdf,Master Course List/Individual_Course_PDFs/ME-526.pdf,approved: 54th BoA (May 2024)
add,ME-527,Biofluid Dynamics,3-0-0-3,pdf/senate_courses/ME-527.pdf,Master Course List/Individual_Course_PDFs/ME-527.pdf,approved: 57th BoA (Oct 2024)
add,ME-528,Thermal Management of Electronics,3-0-0-3,pdf/senate_courses/ME-528.pdf,Master Course List/Individual_Course_PDFs/ME-528.pdf,approved: 61st BoA (Jan 2026)
add,ME-530,Continuum Mechanics,3-0-0-3,pdf/senate_courses/ME-530.pdf,Master Course List/Individual_Course_PDFs/ME-530.pdf,approved: 59th BoA (Apr 2025)
add,ME-595,"Experiential Learning in Composite Design, Manufacturing, Testing and Recycling",1-0-4-3,pdf/senate_courses/ME-595.pdf,Master Course List/Individual_Course_PDFs/ME-595.pdf,approved: 61st BoA (Jan 2026)
add,ME-598P,Post Graduate Project-I,credits: 16,pdf/senate_courses/ME-598P.pdf,In master course PDF (newMaster/iit mandi courses.pdf),approved: 38th BoA (Jan 2021)
add,ME-599P,Post Graduate Project-II,credits: 16,pdf/senate_courses/ME-599P.pdf,In master course PDF (newMaster/iit mandi courses.pdf),approved: 38th BoA (Jan 2021)
add,ME-600,Research Methodology,1-0-0-1,pdf/senate_courses/ME-600.pdf,Master Course List/Individual_Course_PDFs/ME-600.pdf,approved: 57th BoA (Oct 2024)
add,ME-612,Introduction to Bio-materials,credits: 3,pdf/senate_courses/ME-612.pdf,Master Course List/Individual_Course_PDFs/ME-612.pdf,approved: 9th BoA (Oct 2015)
add,ME-623,Fundamentals of Fracture Mechanics,credits: 3,pdf/senate_courses/ME-623.pdf,Master Course List/Individual_Course_PDFs/ME-623.pdf,approved: 9th Senate (May 2016)
add,ME-624,Convective Heat and Mass Transfer,credits: 3,pdf/senate_courses/ME-624.pdf,Master Course List/Individual_Course_PDFs/ME-624.pdf,approved: 26th BoA (Oct 2018)
add,ME-630,Machine Learning for Engineers,2-0-2-3,pdf/senate_courses/ME-630.pdf,Master Course List/Individual_Course_PDFs/ME-630.pdf,approved: 57th BoA (Oct 2024)
add,ME-642,Computational modelling of granular flows,3-0-2-4,pdf/senate_courses/ME-642.pdf,Master Course List/Individual_Course_PDFs/ME-642.pdf,approved: 60th BoA (Jun 2025)
add,ME-696P,Post Graduate Project II,0-0-28-14,pdf/senate_courses/ME-696P.pdf,In master course PDF (newMaster/iit mandi courses.pdf),approved: 38th BoA (Jan 2021)
add,ME-697P,Post Graduate Project III,0-0-32-16,pdf/senate_courses/ME-697P.pdf,In master course PDF (newMaster/iit mandi courses.pdf),approved: 38th BoA (Jan 2021)
add,MT-201,Physics of Solids,3-0-0-3,pdf/senate_courses/MT-201.pdf,Master Course List/Individual_Course_PDFs/MT-201.pdf,approved: 57th BoA (Oct 2024)
add,MT-202,Applied Quantum Mechanics,3-0-0-3,pdf/senate_courses/MT-202.pdf,Master Course List/Individual_Course_PDFs/MT-202.pdf,approved: 57th BoA (Oct 2024)
add,MT-203,Materials Synthesis and Characterization,3-0-2-4,pdf/senate_courses/MT-203.pdf,Master Course List/Individual_Course_PDFs/MT-203.pdf,approved: 57th BoA (Oct 2024)
add,MT-204,Thermodynamics and Kinetics of Materials,3-0-0-3,pdf/senate_courses/MT-204.pdf,Master Course List/Individual_Course_PDFs/MT-204.pdf,approved: 57th BoA (Oct 2024)
add,MT-205,Functional Properties of Materials,3-0-2-4,pdf/senate_courses/MT-205.pdf,Master Course List/Individual_Course_PDFs/MT-205.pdf,approved: 57th BoA (Oct 2024)
add,MT-206,Extraction and Materials Processing,3-0-2-4,pdf/senate_courses/MT-206.pdf,Master Course List/Individual_Course_PDFs/MT-206.pdf,approved: 57th BoA (Oct 2024)
add,MT-301,Phase Transformation,3-0-0-3,pdf/senate_courses/MT-301.pdf,Master Course List/Individual_Course_PDFs/MT-301.pdf,approved: 57th BoA (Oct 2024)
add,MT-302,Transport Phenomena,3-0-0-3,pdf/senate_courses/MT-302.pdf,Master Course List/Individual_Course_PDFs/MT-302.pdf,approved: 57th BoA (Oct 2024)
add,MT-303,Computational Materials Science,3-0-2-4,pdf/senate_courses/MT-303.pdf,Master Course List/Individual_Course_PDFs/MT-303.pdf,approved: 57th BoA (Oct 2024)
add,MT-304,Mechanical Behaviour of Materials,3-0-2-4,pdf/senate_courses/MT-304.pdf,Master Course List/Individual_Course_PDFs/MT-304.pdf,approved: 57th BoA (Oct 2024)
add,MT-501,Energy Conversion and Storage Technologies,3-0-0-3,pdf/senate_courses/MT-501.pdf,Master Course List/Individual_Course_PDFs/MT-501.pdf,approved: 57th BoA (Oct 2024)
add,MT-502,Recycling and Circular Economy,3-0-0-3,pdf/senate_courses/MT-502.pdf,Master Course List/Individual_Course_PDFs/MT-502.pdf,approved: 57th BoA (Oct 2024)
add,MT-503,Semiconductor Materials and Devices,3-0-0-3,pdf/senate_courses/MT-503.pdf,Master Course List/Individual_Course_PDFs/MT-503.pdf,approved: 57th BoA (Oct 2024)
add,MT-504,Powder Metallurgical Processing of Materials,3-0-0-3,pdf/senate_courses/MT-504.pdf,Master Course List/Individual_Course_PDFs/MT-504.pdf,approved: 57th BoA (Oct 2024)
add,MT-505,Thin Film Technology,3-0-0-3,pdf/senate_courses/MT-505.pdf,Master Course List/Individual_Course_PDFs/MT-505.pdf,approved: 57th BoA (Oct 2024)
add,MT-506,Biomaterials,3-0-0-3,pdf/senate_courses/MT-506.pdf,Master Course List/Individual_Course_PDFs/MT-506.pdf,approved: 57th BoA (Oct 2024)
add,MT-507,Modelling and Simulations in Materials Science,3-0-0-3,pdf/senate_courses/MT-507.pdf,Master Course List/Individual_Course_PDFs/MT-507.pdf,approved: 57th BoA (Oct 2024)
add,MT-508,Iron and Steel Making,3-0-0-3,pdf/senate_courses/MT-508.pdf,Master Course List/Individual_Course_PDFs/MT-508.pdf,approved: 57th BoA (Oct 2024)
add,MT-509,Hydrogen Energy,3-0-0-3,pdf/senate_courses/MT-509.pdf,Master Course List/Individual_Course_PDFs/MT-509.pdf,approved: 57th BoA (Oct 2024)
add,MT-510,Colloids and Interfaces,3-0-0-3,pdf/senate_courses/MT-510.pdf,Master Course List/Individual_Course_PDFs/MT-510.pdf,approved: 57th BoA (Oct 2024)
add,MT-511,Sensor Materials and Technologies,3-0-0-3,pdf/senate_courses/MT-511.pdf,Master Course List/Individual_Course_PDFs/MT-511.pdf,approved: 57th BoA (Oct 2024)
add,PH-001,Preparatory Physics - 1,3-1-0-4,pdf/senate_courses/PH-001.pdf,Master Course List/Individual_Course_PDFs/PH-001.pdf,approved: 50th BoA (Jul 2023)
add,PH-002,Preparatory Physics - 2,3-1-0-4,pdf/senate_courses/PH-002.pdf,Master Course List/Individual_Course_PDFs/PH-002.pdf,approved: 50th BoA (Jul 2023)
add,PH-411,Mathematical Physics,credits: 4,pdf/senate_courses/PH-411.pdf,NOT AVAILABLE - ask the school,approved: 14th BoA (Sep 2016)
add,PH-413,Quantum Mechanics-I,credits: 4,pdf/senate_courses/PH-413.pdf,NOT AVAILABLE - ask the school,approved: 14th BoA (Sep 2016)
add,PH-504,Organic Optoelectronics,3-0-0-3,pdf/senate_courses/PH-504.pdf,Master Course List/Individual_Course_PDFs/PH-504.pdf,approved: 2nd Adhoc Senate (May 2012)
add,PH-506,Project,credits: 3,pdf/senate_courses/PH-506.pdf,NOT AVAILABLE - ask the school,approved: 2nd Adhoc Senate (May 2012)
add,PH-517,Research Project II,0-0-8-4,pdf/senate_courses/PH-517.pdf,Master Course List/Individual_Course_PDFs/PH-517.pdf,approved: 27th BoA (Nov 2018)
add,PH-518P,Post Graduate Project-I,0-0-6-3,pdf/senate_courses/PH-518P.pdf,Master Course List/Individual_Course_PDFs/PH-518P.pdf,approved: 27th BoA (Nov 2018)
add,PH-530,Cosmology - I,3-0-0-3,pdf/senate_courses/PH-530.pdf,Master Course List/Individual_Course_PDFs/PH-530.pdf,approved: 54th BoA (May 2024)
add,PH-550,Introduction to Quantum Optics,3-0-0-3,pdf/senate_courses/PH-550.pdf,Master Course List/Individual_Course_PDFs/PH-550.pdf,approved: 57th BoA (Oct 2024)
add,PH-559,Introduction to Quantum Optics,3-0-0-3,pdf/senate_courses/PH-559.pdf,NOT AVAILABLE - ask the school,approved: 48th Senate (Mar 2026)
add,PH-579,Quantum Computation and Information,3-0-0-3,pdf/senate_courses/PH-579.pdf,Master Course List/Individual_Course_PDFs/PH-579.pdf,approved: 57th BoA (Oct 2024)
add,PH-600,Research Methodology,1-0-0-1,pdf/senate_courses/PH-600.pdf,Master Course List/Individual_Course_PDFs/PH-600.pdf,approved: 54th BoA (May 2024)
add,PH-602,Quantum Theory of Solids,3-0-0-3,pdf/senate_courses/PH-602.pdf,Master Course List/Individual_Course_PDFs/PH-602.pdf,approved: 26th BoA (Oct 2018)
add,PH-611P,Experimental Research Techniques,0-0-7-4,pdf/senate_courses/PH-611P.pdf,Master Course List/Individual_Course_PDFs/PH-611P.pdf,approved: 12th Senate (Mar 2017)
add,PH-612P,Research Practicum,0-0-6-3,pdf/senate_courses/PH-612P.pdf,NOT AVAILABLE - ask the school,approved: 12th Senate (Mar 2017)
add,PH-615P,Mini Thesis - I,0-0-8-4,pdf/senate_courses/PH-615P.pdf,NOT AVAILABLE - ask the school,approved: 27th BoA (Nov 2018)
add,PH-616P,Mini Thesis - II,0-0-16-8,pdf/senate_courses/PH-616P.pdf,NOT AVAILABLE - ask the school,approved: 50th BoA (Jul 2023)
add,PH-621P,Major Research Project,0-0-15-8,pdf/senate_courses/PH-621P.pdf,NOT AVAILABLE - ask the school,approved: 12th Senate (Mar 2017)
add,QS-501P,Experiments in Quantum Optics,0-0-5-3,pdf/senate_courses/QS-501P.pdf,Master Course List/Individual_Course_PDFs/QS-501P.pdf,approved: 54th BoA (May 2024)
add,QT-301,Survey of Quantum Technologies and Applications,3-0-0-3,pdf/senate_courses/QT-301.pdf,Master Course List/Individual_Course_PDFs/QT-301.pdf,approved: 47th Senate (Sep 2025)
add,QT-302,Foundations of Quantum Technologies,3-0-0-3,pdf/senate_courses/QT-302.pdf,Master Course List/Individual_Course_PDFs/QT-302.pdf,approved: 47th Senate (Sep 2025)
add,QT-303P,Basic Programming Lab,2-0-1-3,pdf/senate_courses/QT-303P.pdf,Master Course List/Individual_Course_PDFs/QT-303P.pdf,approved: 47th Senate (Sep 2025)
add,QT-304P,Basic Laboratory Course for Quantum Technologies,2-0-1-3,pdf/senate_courses/QT-304P.pdf,Master Course List/Individual_Course_PDFs/QT-304P.pdf,approved: 47th Senate (Sep 2025)
add,QT-405,Introduction to Quantum Computation,3-0-0-3,pdf/senate_courses/QT-405.pdf,Master Course List/Individual_Course_PDFs/QT-405.pdf,approved: 47th Senate (Sep 2025)
add,QT-406,Introduction to Quantum Communication,3-0-0-3,pdf/senate_courses/QT-406.pdf,Master Course List/Individual_Course_PDFs/QT-406.pdf,approved: 47th Senate (Sep 2025)
add,QT-407,Introduction to Quantum Sensing,3-0-0-3,pdf/senate_courses/QT-407.pdf,Master Course List/Individual_Course_PDFs/QT-407.pdf,approved: 47th Senate (Sep 2025)
add,QT-408,Introduction to Quantum Materials,3-0-0-3,pdf/senate_courses/QT-408.pdf,Master Course List/Individual_Course_PDFs/QT-408.pdf,approved: 47th Senate (Sep 2025)
add,QT-509,Engineering Foundations of Quantum Technologies,3-0-0-3,pdf/senate_courses/QT-509.pdf,Master Course List/Individual_Course_PDFs/QT-509.pdf,approved: 47th Senate (Sep 2025)
add,QT-510,Solid State Physics for Quantum Technologies,3-0-0-3,pdf/senate_courses/QT-510.pdf,Master Course List/Individual_Course_PDFs/QT-510.pdf,approved: 47th Senate (Sep 2025)
add,QT-511,Introduction to Quantum Optics,3-0-0-3,pdf/senate_courses/QT-511.pdf,Master Course List/Individual_Course_PDFs/QT-511.pdf,approved: 47th Senate (Sep 2025)
add,SC-600,Research Methodology,1-0-0-1,pdf/senate_courses/SC-600.pdf,Master Course List/Individual_Course_PDFs/SC-600.pdf,approved: 65th BoA (Aug 2026)
add,VL-201,Semiconductor Devices for Integrated Circuits,3-0-0-3,pdf/senate_courses/VL-201.pdf,Master Course List/Individual_Course_PDFs/VL-201.pdf,approved: 61st BoA (Jan 2026)
add,VL-211,Analog Circuit Design,3-0-2-4,pdf/senate_courses/VL-211.pdf,Master Course List/Individual_Course_PDFs/VL-211.pdf,approved: 61st BoA (Jan 2026)
add,VL-300,Reverse Engineering - E-Waste Management,0.5-0-0.5-1,pdf/senate_courses/VL-300.pdf,Master Course List/Individual_Course_PDFs/VL-300.pdf,approved: 59th BoA (Apr 2025)
add,VL-311,CMOS Processing and Practicum,3-0-2-4,pdf/senate_courses/VL-311.pdf,Master Course List/Individual_Course_PDFs/VL-311.pdf,approved: 59th BoA (Apr 2025)
add,VL-312,Electronics Systems Packaging (ESP),3-0-0-3,pdf/senate_courses/VL-312.pdf,Master Course List/Individual_Course_PDFs/VL-312.pdf,approved: 61st BoA (Jan 2026)
add,VL-326,Fundamentals of Processor Architecture and SoC Design,3-0-2-4,pdf/senate_courses/VL-326.pdf,Master Course List/Individual_Course_PDFs/VL-326.pdf,approved: 61st BoA (Jan 2026)
add,VL-401,RTL Design and Verification,2-0-2-3,pdf/senate_courses/VL-401.pdf,Master Course List/Individual_Course_PDFs/VL-401.pdf,approved: 59th BoA (Apr 2025)
add,VL-402,RFIC Design,3-0-0-3,pdf/senate_courses/VL-402.pdf,Master Course List/Individual_Course_PDFs/VL-402.pdf,approved: 61st BoA (Jan 2026)
add,VL-404,CMOS Analog IC Design,3-0-2-4,pdf/senate_courses/VL-404.pdf,NOT AVAILABLE - ask the school,approved: 64th BoA (May 2026)
add,VL-405,Design for Testability,3-0-2-4,pdf/senate_courses/VL-405.pdf,Master Course List/Individual_Course_PDFs/VL-405.pdf,approved: 61st BoA (Jan 2026)
mark replaced / remove,AR-501,"Robot Kinematics, Dynamics, and Control",,,,Replace with AR-523 (64th BoA); keep old entry only if older batches still take it
mark replaced / remove,AR-503,Mechatronics,,,,Replace with AR-520 (64th BoA); keep old entry only if older batches still take it
mark replaced / remove,BY517,Proteomics,,,,"Discontinued in the minutes - remove, or move to an ""archived courses"" list"
mark replaced / remove,CE302,Geotechnical Engineering,,,,Replace with CE-311 (52nd BoA); keep old entry only if older batches still take it
mark replaced / remove,CE305P,Environment and Earth Science Lab,,,,Replace with CE-306P (52nd BoA); keep old entry only if older batches still take it
mark replaced / remove,CE688P,Post Graduate Project I,,,,Replace with CE-690P (60th BoA); keep old entry only if older batches still take it
mark replaced / remove,CE689P,Post Graduate Project II,,,,Replace with CE-691P (60th BoA); keep old entry only if older batches still take it
mark replaced / remove,CS402,Complier Technology,,,,Minutes show only a deferral / rejection - confirm approval before keeping
mark replaced / remove,CS601,Probability and Random Processes,,,,Replace with EE-534 (22nd Senate); keep old entry only if older batches still take it
mark replaced / remove,CY502,Photochemistry and Pericyclic Reactions,,,,Replace with CY-522 (9th Senate); keep old entry only if older batches still take it
mark replaced / remove,CY645,Reagents in Organic Synthesis,,,,"Discontinued in the minutes - remove, or move to an ""archived courses"" list"
mark replaced / remove,EE609,Network Information Theory,,,,Minutes show only a deferral / rejection - confirm approval before keeping
mark replaced / remove,EM504,Materials for Energy Applications,,,,Replace with EM-601 (18th BoA); keep old entry only if older batches still take it
mark replaced / remove,EN611,Durability Behaviour of Energy Materials,,,,Replace with MT-304 (64th BoA); keep old entry only if older batches still take it
mark replaced / remove,HS261,The Indian Constitution,,,,Minutes show only a deferral / rejection - confirm approval before keeping
mark replaced / remove,HS358,Science Writing,,,,Replace with HS-305 (14th BoA); keep old entry only if older batches still take it
mark replaced / remove,HS381,Indian Society: Structure and Change,,,,Minutes show only a deferral / rejection - confirm approval before keeping
mark replaced / remove,HS401,"Tribal India, Indigenous Latin America",,,,Minutes show only a deferral / rejection - confirm approval before keeping
mark replaced / remove,HS451,Modern Literature,,,,Minutes show only a deferral / rejection - confirm approval before keeping
mark replaced / remove,HS471,Contemporary India,,,,"Discontinued in the minutes - remove, or move to an ""archived courses"" list"
mark replaced / remove,HS536,Social Movements in India,,,,Replace with HS-382 (14th BoA); keep old entry only if older batches still take it
mark replaced / remove,HS550P,Statistical Method Practical,,,,"Discontinued in the minutes - remove, or move to an ""archived courses"" list"
mark replaced / remove,HS575,Mayan America,,,,Minutes show only a deferral / rejection - confirm approval before keeping
mark replaced / remove,HS601,Literary Methods: Theory and Interpretation,,,,Minutes show only a deferral / rejection - confirm approval before keeping
mark replaced / remove,HS650,Statistical Methods,,,,Minutes show only a deferral / rejection - confirm approval before keeping
mark replaced / remove,IC-141,Product realization Technology,,,,Replace with ME-212 (64th BoA); keep old entry only if older batches still take it
mark replaced / remove,IC150,Computation for Engineers,,,,"Discontinued in the minutes - remove, or move to an ""archived courses"" list"
mark replaced / remove,IC150P,Computing for Engineers Lab,,,,"Discontinued in the minutes - remove, or move to an ""archived courses"" list"
mark replaced / remove,IK-509,Research methodology,,,,Minutes show only a deferral / rejection - confirm approval before keeping
mark replaced / remove,MA551,Numerical Analysis,,,,Replace with MA-702 (14th BoA); keep old entry only if older batches still take it
mark replaced / remove,MA654,Financial Engineering,,,,Replace with MA-545 (65th BoA); keep old entry only if older batches still take it
mark replaced / remove,ME311P,Design Lab,,,,Replace with ME-206P (61st BoA); keep old entry only if older batches still take it
mark replaced / remove,ME312P,Design Lab -2,,,,Replace with ME-309P (61st BoA); keep old entry only if older batches still take it
mark replaced / remove,ME506,Fundamentals of Fracture Mechanics,,,,Replace with ME-623 (18th BoA); keep old entry only if older batches still take it
mark replaced / remove,ME609,Functional Materials,,,,Replace with EN-509 (44th BoA); keep old entry only if older batches still take it
mark replaced / remove,ME618,Refrigeration and Air Conditioning,,,,Minutes show only a deferral / rejection - confirm approval before keeping
change title,CY513,Chemical Kinetics and Reaction Dynamics,3-0-0-3,,,"site shows: Reaction Dynamics, Kinetics and Catalysis"
change title,CY514,Chemical and Statistical Thermodynamics,3-0-0-3,,,site shows: Chemical Thermodynamics and Electrochemistry
change title,EE623P,Practicum on Digital Control of Power Electronics and Drives,1-0-4-3,,,site shows: Practicum on digital control and electrical devices
change title,EN612,Structure-Property Correlations for Energy Applications,1-0-4-3,,,site shows: Structure-Property correlation in materials for Energy Applicatio
change title,IC101P,Understanding Product Internals,0-0-3-2,,,site shows: Reverse Engineering
change title,IC140,Engineering Graphics,2-0-3-4,,,site shows: Graphics for Design
change title,IC152,Introduction to Python and Data Science,3-0-2-4,,,site shows: Computing and Data Science
change title,IC252,Probability and Statistics,3-0-2-4,,,site shows: Data Science II
change title,MA102,Mathematics II,2-1-0-3,,,site shows: Mathematics -2
change title,MB-531,Legal and Ethical Aspects of Business,2-0-0-2,,,site shows: Ethical and Legal aspects of Business
change title,PH513,Quantum Mechanics I,3-0-0-3,,,site shows: Quantum Mechanics 1
change title,PH513,Quantum Mechanics I,3-0-0-3,,,site shows: Quantum Mechanics
change title,PH524,Atomic and Molecular Physics,3-0-0-3,,,site shows: Atomic and Molecular Spectroscopy
change title,PH613,Quantum Mechanics II,3-0-0-3,,,site shows: Special Topics in Quantum Mechanics
change title,CE-404,Analysis of Structures,3-0-0-3,,,site shows: Analysis Structure
change title,CS310,Introduction to Communicating and Distributed Processes,3-0-2-4,,,site shows: Introduction to Communicating Distributed Processes
change title,CS402,Compiler Technology,,,,site shows: Complier Technology
change title,EE-205,Electromagnetics and Wave Propagation,2.5-0.5-0-3,,,site shows: Electromagnetics Wave propagation
change title,EE551,Applied Photonics for Scientists and Engineers,2-1-0-3,,,site shows: Applied Photonics and for Scientists and Engineers
change title,EE584,Power System Protection,3-0-0-3,,,site shows: Power System Protwction
change title,HS107,Exploring Creative Art Forms,1-0-0-1,,,site shows: Exploring Creative Arts form
change title,HS363,Post-War Germany: A Literary Perspective,3-0-0-3,,,site shows: Post-war Germany: A Literaray Perspective
change title,HS624,Advanced Organizational Psychology,,,,site shows: Advance Organizational Psychology
change title,IC-102P,Foundations of Design Practicum,1-0-6-4,,,site shows: Foundation of Design Practicum
change title,IC121,Mechanics of Particles and Waves,2.5-0.5-0-3,,,site shows: Mechanics of Particles and wave
change title,IK-504,Bhagavad Gita - Comprehensive,3-0-0-3,,,site shows: Bhagavad Gita Comprehensive (3-0-0-3)
change title,ME507,Micro and Nanoscale Fluid Mechanics,,,,site shows: Micro and Nanoscale Fluid Mechaincs
change title,ME617,Mechanics of Composite Materials,3-0-0-3,,,site shows: Mechanics of Composite Mateial
keep one row,BE-203,Enzymology and Bioprocessing,,,,on site as: BE-203 | BE203
keep one row,BE-304,Bioinformatics,,,,on site as: BE-304 | BE304
keep one row,CE-203P,Building Materials Lab,,,,on site as: CE-203P | CE-203P
keep one row,CE-303,Water Resources Engineering,,,,on site as: CE-303 | CE303
keep one row,CE-352,Transportation Engineering,,,,on site as: CE352 | CE352
keep one row,CE-353P,Civil Engineering Drawing,,,,on site as: CE353P | CE353P
keep one row,CS-545,Software Designing Patterns,,,,on site as: CS545 | CS545
keep one row,CS-546,Design of Concurrent Software,,,,on site as: CS546 | CS546
keep one row,CS-547,Network Management Systems,,,,on site as: CS547 | CS547
keep one row,CS-548,Cloud Networking,,,,on site as: CS548 | CS548
keep one row,EE-304,Communication Systems,,,,on site as: EE-304 | EE304
keep one row,EN-503,Energy Storage Technologies,,,,on site as: EN503 | EN503
keep one row,HS-591,Special Topics in Seemingly Unrelated Regression Equations,,,,on site as: HS591 | HS591
keep one row,HS-623,Advance Social Psychology,,,,on site as: HS623 | HS623
keep one row,IC-141,Product Manufacturing,,,,on site as: IC-141 | IC141
keep one row,IC-240,Mechanics of Rigid Bodies,,,,on site as: IC240 | IC240
keep one row,IC-250,Data Structure and Algorithms,,,,on site as: IC250 | IC250
keep one row,IC-260,Signals and System,,,,on site as: IC260 | IC260
keep one row,MA-465,Ordinary Differential Equations,,,,on site as: MA465 | MA465
keep one row,MA-511,Real Analysis,,,,on site as: MA511 | MA511
keep one row,MA-521,Functional Analysis,,,,on site as: MA521 | MA521
keep one row,MA-551,Numerical Methods,,,,on site as: MA551 | MA551
keep one row,MA-582,Project (Part-2),,,,on site as: MA582 | MA582
keep one row,MA-612,Operator Theory,,,,on site as: MA612 | MA612
keep one row,ME-352,Finite Element Methods in Engineering,,,,on site as: ME352 | ME352
keep one row,ME-356,Principles Of Energy Conversion,,,,on site as: ME356 | ME356
keep one row,ME-518,Conduction and Radiation,,,,on site as: ME518 | ME518
keep one row,ME-522,High-Performance Scientific Computing,,,,on site as: ME-522 | ME522
keep one row,ME-591,Multidisciplinary Design Optimization,,,,on site as: ME591 | ME591
keep one row,ME-601,Finite Element Method,,,,on site as: ME601 | ME601 | ME601
keep one row,ME-616,Convective Heat and Mass Transfer,,,,on site as: ME616 | ME616
keep one row,ME-618,Stealth Technology: Infrared Signatures,,,,on site as: ME618 | ME618
keep one row,ME-622,Biomechanics of Musculoskeletal System,,,,on site as: ME622 | ME622
keep one row,ME-633,~ME 633: Design of Energy Systems,,,,on site as: ME633 | ME633
keep one row,PH-511,Mathematical Physics,,,,on site as: PH-511 | PH511
keep one row,PH-513,Quantum Mechanics I,,,,on site as: PH513 | PH513
keep one row,PH-514,Electronics,,,,on site as: PH514 | PH514
keep one row,PH-523,Condensed Matter Physics,,,,on site as: PH523 | PH523
keep one row,PH-524,Atomic and Molecular Physics,,,,on site as: PH524 | PH524
keep one row,PH-526,Research Project-III,,,,on site as: PH526 | PH526
keep one row,PH-527,Research Project-IV (Summer),,,,on site as: PH527 | PH527
keep one row,PH-591,Selected Topics on Correlated Electron Systems,,,,on site as: PH591 | PH591
keep one row,PH-613,Quantum Mechanics II,,,,on site as: PH613 | PH613
